ID,school,sex,age,address,famsize,Pstatus,Medu,Fedu,Mjob,Fjob,reason,guardian,traveltime,studytime,failures,schoolsup,famsup,paid,activities,nursery,higher,internet,romantic,famrel,freetime,goout,Dalc,Walc,health,absences,G1,G2,G3
641,1,2,17.0,2,1,2,2.0,3.0,3,3,1,1,2.0,1.0,0.0,1,0,1,1,2,2,2,1,5.0,2.0,2.0,1.0,1.0,2.0,2.0,9.237550711,12.23177111,13.24890644
510,1,0,16.0,2,2,2,2.0,4.0,3,2,0,1,2.0,2.0,0.0,1,2,1,2,0,2,2,2,4.0,2.0,2.0,1.0,2.0,5.0,2.0,14.23285175,12.24308253,13.20182866
516,1,1,15.0,2,1,0,2.0,3.0,3,3,3,1,2.0,2.0,0.0,1,2,1,2,0,2,1,1,3.0,3.0,3.0,1.0,1.0,4.0,4.0,11.20608386,11.239624965,11.10077947
306,1,2,15.0,1,1,2,3.0,4.0,0,0,1,2,4.0,2.0,0.0,1,2,1,1,2,2,1,2,5.0,3.0,3.0,1.0,1.0,5.0,2.0,12.20262585,11.18783061,11.17675988
124,0,1,16.0,2,0,2,2.0,2.0,0,3,1,2,1.0,2.0,0.0,0,2,1,1,2,2,1,1,4.0,3.0,4.0,1.0,2.0,2.0,6.0,13.13436632,11.21016027,11.23136753
523,1,1,18.0,2,2,2,4.0,3.0,2,4,1,2,2.0,1.0,0.0,1,0,0,1,2,2,2,1,3.0,2.0,3.0,1.0,4.0,1.0,8.0,12.16174639,12.17161322,15.18669634
535,2,1,17.0,1,1,2,3.0,1.0,3,3,1,2,2.0,2.0,3.0,1,2,1,2,1,2,2,2,4.0,4.0,4.0,1.0,1.0,5.0,2.0,7.183354928,9.171212245,10.19540327
433,1,2,17.0,2,1,2,4.0,4.0,4,4,1,0,1.0,1.0,0.0,1,1,2,2,2,2,2,1,5.0,3.0,2.0,1.0,2.0,4.0,4.0,14.16167898,15.10269583,15.22327028
361,0,1,17.0,2,1,2,1.0,1.0,3,4,1,1,1.0,2.0,0.0,1,2,0,1,2,2,1,1,4.0,3.0,4.0,1.0,2.0,5.0,4.0,11.18393393,10.18814162,11.13851203
207,1,1,17.0,2,1,2,4.0,2.0,3,3,4,0,2.0,3.0,0.0,1,2,1,0,0,2,2,1,4.0,3.0,3.0,1.0,1.0,3.0,0.0,16.10063268,16.12000731,16.19504098
503,0,2,17.0,1,1,2,3.0,2.0,3,3,1,0,2.0,2.0,2.0,2,2,0,1,2,2,2,0,4.0,4.0,4.0,1.0,2.0,3.0,4.0,7.128172275,6.214902132,8.145154707
157,2,1,16.0,1,0,2,1.0,1.0,3,3,2,1,4.0,4.0,0.0,1,2,1,1,1,2,2,1,4.0,3.0,2.0,1.0,1.0,1.0,2.0,13.13564756,10.24914257,13.17661666
348,0,1,16.0,2,2,2,1.0,1.0,1,1,0,2,1.0,1.0,0.0,1,1,1,1,2,2,2,1,3.0,4.0,4.0,3.0,3.0,1.0,4.0,10.18089424,11.17176373,11.15113558
4,1,1,18.0,2,2,0,4.0,4.0,2,3,2,2,1.0,2.0,0.0,1,2,2,1,2,2,2,2,4.0,2.0,4.0,1.0,1.0,4.0,0.0,14.1131222,15.2087301,15.23496717
61,1,0,17.0,2,1,2,4.0,4.0,2,3,4,1,1.0,2.0,0.0,1,2,1,2,2,2,2,1,4.0,2.0,4.0,2.0,4.0,1.0,0.0,13.16935658,11.239624965,14.21348496
399,2,1,17.0,2,1,2,1.0,2.0,1,1,1,1,2.0,2.0,0.0,1,0,1,1,2,1,1,1,4.0,1.0,1.0,1.0,1.0,4.0,0.0,11.22574778,11.22008015,12.1011159
588,0,1,17.0,1,1,2,3.0,1.0,1,3,4,2,1.0,2.0,0.0,0,2,1,2,1,2,2,1,4.0,5.0,4.0,2.0,3.0,1.0,10.0,8.226937947,11.239624965,9.174735538
613,1,1,16.0,2,1,2,4.0,2.0,5,4,2,2,2.0,2.0,0.0,1,2,1,2,2,0,2,1,5.0,3.0,3.0,1.0,1.0,1.0,2.0,13.19264641,14.209382,14.13747823
364,1,2,15.0,2,1,2,2.0,3.0,3,3,2,2,1.0,3.0,0.0,2,1,0,1,1,2,2,0,5.0,3.0,2.0,1.0,2.0,5.0,2.0,10.17779552,9.198184132,9.206746684
255,2,2,16.0,2,1,2,1.0,1.0,1,4,2,2,2.0,2.0,0.0,1,2,1,0,2,2,1,2,5.0,4.0,5.0,4.0,2.0,3.0,0.0,7.148621063,0.185967268,0.226593094
219,1,1,16.0,0,1,0,2.0,2.0,3,3,4,0,1.0,4.0,0.0,1,1,1,1,2,2,2,2,5.0,2.0,3.0,1.0,3.0,3.0,1.0,13.20420635,13.19203682,13.1271297
372,1,1,16.0,2,1,2,4.0,3.0,5,2,0,0,1.0,3.0,0.0,2,2,1,0,2,0,2,1,3.0,4.0,4.0,2.0,4.0,4.0,0.0,14.24186028,11.239624965,13.17271755
625,1,1,16.0,2,1,2,2.0,3.0,3,3,2,2,1.0,3.0,0.0,1,2,1,1,2,2,2,2,4.0,3.0,3.0,1.0,3.0,4.0,2.0,9.16408323,11.23526875,11.10167711
587,2,1,16.0,2,0,2,2.0,3.0,3,3,4,2,1.0,1.0,0.0,1,1,1,2,2,1,0,2,4.0,5.0,4.0,1.0,1.0,4.0,0.0,11.21657643,13.17548312,13.13702783
77,2,0,19.0,1,1,2,1.0,1.0,3,4,2,3,3.0,2.0,1.0,1,1,1,1,2,2,2,1,5.0,4.0,3.0,3.0,3.0,2.0,8.0,10.1371505,9.141193597,11.24128106
100,2,1,18.0,2,1,2,3.0,3.0,3,0,2,0,1.0,2.0,0.0,1,1,1,1,0,2,0,2,4.0,1.0,3.0,1.0,2.0,1.0,1.0,11.21657643,16.21373576,16.1273685
27,2,2,16.0,2,1,2,4.0,4.0,3,5,1,1,1.0,2.0,0.0,1,2,1,2,2,2,1,2,4.0,3.0,1.0,1.0,1.0,3.0,0.0,13.11148369,12.21176687,13.16891901
501,2,0,17.0,2,1,2,3.0,4.0,0,3,3,2,1.0,2.0,1.0,1,2,1,0,1,2,2,2,4.0,4.0,4.0,3.0,4.0,5.0,8.0,8.146597568,9.111903257,8.249280746
165,2,1,16.0,1,1,2,1.0,1.0,1,3,3,2,2.0,1.0,0.0,1,0,1,2,2,2,2,2,4.0,2.0,2.0,4.0,3.0,2.0,0.0,13.12716796,12.2263846,14.18971216
230,1,2,15.0,2,1,2,4.0,4.0,5,2,4,2,1.0,2.0,0.0,1,2,1,2,0,2,1,1,3.0,2.0,3.0,1.0,1.0,5.0,8.0,11.21657643,15.20518696,16.20976716
179,1,0,18.0,2,0,2,4.0,2.0,5,3,1,2,1.0,3.0,0.0,1,0,1,0,2,2,2,2,5.0,4.0,5.0,2.0,2.0,5.0,0.0,14.2141704,13.10256027,14.11373624
636,1,2,16.0,2,1,2,2.0,2.0,4,3,4,1,2.0,2.0,0.0,1,0,1,2,1,2,0,1,4.0,4.0,3.0,1.0,1.0,3.0,6.0,12.12926089,10.1697359,11.23441836
296,2,1,18.0,1,2,2,4.0,4.0,5,4,1,2,1.0,2.0,0.0,1,1,1,0,0,2,2,1,5.0,4.0,3.0,3.0,4.0,2.0,1.0,13.19908677,11.239624965,14.1153278
324,1,0,15.0,2,2,2,1.0,2.0,3,1,2,0,1.0,2.0,0.0,2,2,1,2,2,2,2,1,4.0,3.0,2.0,1.0,1.0,5.0,0.0,14.16645771,13.13940099,14.16246731
611,2,1,16.0,1,1,2,2.0,2.0,3,4,1,1,3.0,2.0,0.0,1,2,1,2,2,2,2,1,5.0,3.0,4.0,1.0,1.0,2.0,1.0,14.24242011,13.23195092,14.19563803
57,1,0,16.0,1,0,2,2.0,1.0,3,0,1,2,2.0,1.0,0.0,1,1,1,2,1,2,1,1,3.0,3.0,2.0,1.0,3.0,3.0,2.0,14.15397306,13.22856818,12.16651464
632,1,1,17.0,2,2,2,1.0,1.0,1,1,1,2,1.0,3.0,0.0,1,2,1,2,2,2,0,2,4.0,3.0,2.0,1.0,2.0,4.0,10.0,11.2345078,10.20190091,10.24756339
70,2,1,17.0,1,0,2,2.0,2.0,1,3,3,2,1.0,1.0,0.0,1,2,2,0,2,2,2,1,5.0,1.0,3.0,1.0,2.0,5.0,5.0,9.229728895,9.23150115,9.186562472
228,1,2,18.0,2,1,2,1.0,2.0,1,3,2,3,2.0,1.0,0.0,0,1,1,1,1,1,2,1,3.0,4.0,4.0,2.0,4.0,4.0,10.0,10.10508083,10.16509294,11.23381447
148,1,1,17.0,2,1,0,1.0,1.0,0,4,1,2,1.0,2.0,0.0,1,1,1,2,2,2,0,1,5.0,3.0,3.0,1.0,1.0,3.0,0.0,12.15295467,11.11136204,12.196283
477,2,0,16.0,1,2,0,1.0,2.0,1,3,1,2,1.0,2.0,0.0,1,1,1,2,2,1,0,1,4.0,4.0,5.0,1.0,3.0,3.0,0.0,8.225699419,9.148471015,9.231343315
52,2,2,17.0,1,0,2,3.0,2.0,4,3,1,1,2.0,1.0,0.0,1,0,1,1,2,2,2,1,4.0,5.0,5.0,2.0,3.0,5.0,2.0,11.22321343,9.23544582,10.16645507
325,1,2,16.0,2,1,2,0.0,2.0,3,3,3,2,1.0,2.0,0.0,1,0,1,0,1,2,2,1,4.0,3.0,2.0,2.0,4.0,5.0,0.0,11.12919701,12.14817089,11.24750328
74,1,1,15.0,0,1,2,4.0,3.0,4,3,4,2,1.0,1.0,0.0,1,1,1,2,2,2,2,1,4.0,5.0,5.0,1.0,3.0,1.0,6.0,14.21405969,13.13600595,13.1364435
315,1,2,16.0,0,1,2,3.0,3.0,4,3,2,2,1.0,2.0,0.0,1,1,1,2,2,2,2,2,4.0,2.0,3.0,1.0,2.0,3.0,0.0,11.12244947,12.20811997,13.21583025
416,1,1,16.0,2,1,1,4.0,1.0,3,3,2,0,1.0,2.0,0.0,0,1,1,2,2,2,2,2,4.0,3.0,3.0,1.0,2.0,5.0,0.0,14.14300708,13.14542213,13.21999045
537,1,0,18.0,2,1,0,2.0,2.0,4,3,2,2,1.0,2.0,0.0,1,2,1,2,2,2,0,1,4.0,4.0,4.0,2.0,4.0,5.0,10.0,12.13122585,11.21311846,11.17832791
107,1,1,15.0,2,1,0,1.0,2.0,1,4,0,1,1.0,2.0,0.0,1,1,1,1,1,2,1,2,2.0,3.0,4.0,2.0,4.0,1.0,6.0,11.11394215,11.17522994,11.22807336
283,1,1,17.0,2,1,2,3.0,3.0,1,3,1,2,1.0,1.0,0.0,1,2,0,2,2,2,2,1,4.0,2.0,5.0,1.0,5.0,5.0,2.0,11.10387778,12.15666571,11.15514114
476,2,1,19.0,2,1,2,1.0,1.0,1,4,3,1,2.0,1.0,1.0,1,1,1,1,2,1,1,0,5.0,5.0,5.0,2.0,3.0,2.0,0.0,5.183922419,0.12046727,0.229252094
46,1,1,15.0,2,1,2,4.0,4.0,4,1,0,2,1.0,3.0,0.0,1,2,1,2,2,2,2,2,4.0,3.0,3.0,1.0,1.0,5.0,4.0,13.1121187,14.16909797,15.11349096
363,1,0,17.0,2,1,2,4.0,3.0,2,4,4,2,1.0,4.0,0.0,1,1,1,0,2,2,2,1,4.0,2.0,2.0,1.0,1.0,2.0,2.0,17.12286833,17.14534143,17.15507054
130,2,0,16.0,2,0,2,3.0,2.0,4,1,1,2,1.0,1.0,0.0,1,1,1,1,2,2,2,1,3.0,1.0,3.0,1.0,4.0,4.0,2.0,7.234188367,6.215987897,7.194711383
479,2,1,17.0,1,1,2,1.0,1.0,0,3,4,2,1.0,1.0,0.0,1,2,1,2,1,2,0,2,4.0,4.0,5.0,1.0,2.0,4.0,0.0,11.12995006,11.23834579,11.15124532
512,1,0,19.0,2,1,0,4.0,2.0,5,3,2,3,1.0,1.0,1.0,1,0,1,1,2,2,2,2,3.0,2.0,5.0,4.0,4.0,5.0,5.0,9.174264682,10.10579895,11.1628905
527,2,1,15.0,0,1,2,2.0,2.0,1,3,2,2,1.0,2.0,0.0,2,2,1,1,1,2,2,1,4.0,4.0,2.0,3.0,3.0,2.0,0.0,9.147104561,10.19940863,9.238322596
507,2,1,15.0,1,2,2,1.0,1.0,3,4,1,0,2.0,1.0,1.0,1,2,1,1,2,2,2,2,4.0,4.0,3.0,1.0,2.0,2.0,4.0,6.182856007,7.2445913,8.237319003
330,1,2,22.0,2,1,2,3.0,1.0,4,4,0,2,1.0,1.0,3.0,1,0,1,1,1,1,2,2,5.0,4.0,5.0,1.0,5.0,1.0,12.0,11.21657643,8.209434638,5.211487667
38,1,2,17.0,2,1,2,1.0,1.0,3,3,4,1,1.0,2.0,0.0,1,1,1,1,1,2,2,1,4.0,3.0,3.0,1.0,2.0,4.0,0.0,12.16513104,12.22375481,12.21011924
465,1,2,15.0,2,1,2,4.0,3.0,5,3,1,0,2.0,2.0,0.0,1,2,0,1,2,2,2,1,5.0,4.0,3.0,1.0,2.0,3.0,0.0,12.14765209,12.24464418,13.1204415
440,1,1,17.0,1,0,0,3.0,1.0,4,0,0,2,2.0,4.0,0.0,1,0,0,1,2,2,0,1,3.0,1.0,2.0,1.0,1.0,3.0,0.0,11.21657643,19.10276594,19.18271387
141,1,0,18.0,2,2,2,2.0,2.0,3,3,2,3,1.0,2.0,0.0,0,1,1,2,1,2,2,2,4.0,3.0,3.0,1.0,1.0,2.0,0.0,10.17414159,9.202260602,12.13561807
152,1,1,18.0,1,2,2,1.0,1.0,1,3,4,2,2.0,4.0,0.0,1,2,1,2,2,2,0,1,5.0,2.0,2.0,1.0,1.0,3.0,2.0,17.15497631,17.15652267,18.13374726
583,1,1,17.0,2,2,2,2.0,1.0,3,3,0,1,1.0,2.0,0.0,1,1,1,2,2,2,2,1,4.0,2.0,3.0,2.0,2.0,2.0,2.0,11.1940259,12.23060038,14.15332681
194,1,1,18.0,1,1,2,4.0,4.0,5,3,4,2,1.0,2.0,0.0,1,1,1,2,2,2,2,0,4.0,3.0,4.0,2.0,2.0,4.0,8.0,11.21657643,11.13909959,12.13613971
631,1,2,17.0,2,1,2,4.0,2.0,5,0,2,2,1.0,2.0,0.0,1,2,0,2,2,2,2,2,4.0,3.0,2.0,1.0,4.0,5.0,2.0,15.23975687,16.18430618,16.17633438
105,1,1,17.0,2,1,1,4.0,4.0,0,5,2,2,2.0,2.0,0.0,2,2,1,1,2,2,1,1,4.0,1.0,3.0,1.0,1.0,4.0,2.0,10.10876911,13.19443877,13.13093203
506,1,2,17.0,2,1,2,2.0,3.0,3,3,1,2,2.0,3.0,0.0,1,2,1,1,1,2,2,2,3.0,2.0,3.0,2.0,2.0,1.0,4.0,13.23330408,12.13460183,13.22643488
513,1,1,18.0,2,2,1,2.0,2.0,3,3,1,2,1.0,2.0,0.0,1,2,1,1,1,2,2,2,4.0,3.0,4.0,1.0,3.0,5.0,2.0,12.17438331,11.239624965,13.23322913
29,1,2,15.0,1,1,2,2.0,3.0,1,4,0,2,1.0,2.0,0.0,0,1,2,2,2,2,1,1,4.0,4.0,4.0,1.0,1.0,1.0,2.0,7.205531604,8.202897127,8.123685163
5,1,1,16.0,2,1,1,3.0,4.0,4,3,1,1,1.0,2.0,0.0,1,1,1,1,2,2,2,1,3.0,2.0,1.0,1.0,4.0,5.0,2.0,15.1432012,11.239624965,14.17026096
532,0,1,18.0,0,1,2,3.0,1.0,0,3,0,2,1.0,2.0,0.0,1,1,1,0,0,2,2,2,5.0,3.0,3.0,1.0,1.0,4.0,4.0,8.186809963,8.129744574,8.20072289
216,1,1,17.0,0,1,2,2.0,2.0,3,3,0,2,1.0,2.0,0.0,1,2,0,1,2,2,1,2,4.0,2.0,2.0,1.0,1.0,3.0,4.0,14.21700088,11.239624965,13.13945768
313,1,1,16.0,2,1,0,1.0,3.0,0,4,2,2,1.0,2.0,0.0,1,1,1,2,1,2,2,2,4.0,3.0,5.0,1.0,1.0,3.0,2.0,14.11909315,13.23643147,13.14176491
606,1,1,16.0,2,1,2,2.0,2.0,4,3,4,2,2.0,2.0,0.0,1,0,0,2,0,2,2,1,3.0,4.0,4.0,1.0,4.0,4.0,2.0,13.17724004,12.18331208,14.15716895
323,1,1,16.0,2,0,2,3.0,1.0,4,3,1,2,1.0,4.0,0.0,2,2,1,1,2,2,2,1,4.0,3.0,3.0,1.0,2.0,5.0,0.0,10.1467925,11.239624965,10.18909403
48,1,1,17.0,2,0,2,3.0,3.0,3,3,2,2,1.0,3.0,0.0,1,1,1,2,1,2,1,1,3.0,2.0,3.0,1.0,1.0,4.0,2.0,15.23604177,12.21384967,13.20723908
539,1,1,17.0,2,1,2,3.0,3.0,4,3,2,2,1.0,3.0,0.0,1,2,1,1,2,2,2,2,4.0,2.0,2.0,2.0,3.0,4.0,10.0,11.10813864,11.11653453,11.17610935
84,1,2,18.0,2,1,2,2.0,2.0,4,3,1,2,1.0,1.0,0.0,1,1,1,1,2,1,2,1,4.0,4.0,5.0,1.0,4.0,5.0,8.0,7.194000459,8.158952554,7.144363775
307,2,1,16.0,1,2,2,1.0,1.0,4,4,0,2,1.0,1.0,0.0,1,2,1,2,2,2,2,2,4.0,4.0,4.0,1.0,2.0,4.0,2.0,14.20733335,11.239624965,14.15947637
597,1,2,17.0,1,0,2,2.0,1.0,1,3,0,2,1.0,1.0,1.0,1,1,2,2,2,1,0,2,3.0,3.0,2.0,2.0,2.0,5.0,2.0,8.242395089,11.239624965,9.106233698
64,1,1,18.0,1,1,2,2.0,2.0,3,3,2,2,1.0,2.0,0.0,2,1,1,1,2,2,1,0,3.0,2.0,3.0,1.0,1.0,5.0,4.0,11.12693405,11.239624965,13.15254282
181,1,1,18.0,1,1,1,3.0,2.0,3,4,2,2,2.0,2.0,0.0,0,1,1,1,0,1,2,2,4.0,1.0,1.0,1.0,1.0,5.0,15.0,12.1046487,9.107456897,10.23654495
12,1,1,16.0,2,1,1,3.0,1.0,4,3,1,2,1.0,2.0,0.0,1,2,1,1,2,2,2,1,2.0,3.0,3.0,2.0,2.0,4.0,2.0,11.17930694,11.19336152,12.17988994
420,0,1,17.0,2,1,1,2.0,2.0,3,3,2,2,1.0,1.0,1.0,1,1,1,1,2,2,1,1,5.0,3.0,4.0,1.0,1.0,5.0,12.0,13.19708451,11.14680505,11.11418393
231,2,1,19.0,1,1,2,1.0,1.0,1,3,1,3,2.0,2.0,1.0,0,2,0,1,2,2,2,2,4.0,3.0,3.0,1.0,1.0,3.0,4.0,7.212356391,8.166004186,9.169322968
604,1,2,17.0,2,2,2,2.0,3.0,4,4,4,1,1.0,2.0,0.0,0,2,1,1,0,2,0,1,5.0,3.0,3.0,1.0,3.0,3.0,2.0,10.14907632,11.14020879,11.22970736
449,1,0,16.0,0,1,2,4.0,4.0,3,3,4,2,1.0,1.0,0.0,1,1,1,2,1,2,2,1,5.0,3.0,3.0,1.0,2.0,1.0,4.0,12.19262334,13.23207793,13.13633863
382,2,1,15.0,1,1,2,1.0,1.0,1,4,3,2,1.0,1.0,1.0,1,2,1,1,2,2,1,2,4.0,1.0,3.0,1.0,1.0,2.0,6.0,10.22184838,10.19531358,10.15525547
171,0,0,17.0,1,2,2,2.0,1.0,1,4,1,2,2.0,3.0,1.0,1,1,1,2,2,2,2,0,4.0,3.0,1.0,1.0,1.0,5.0,0.0,11.21657643,10.19819194,11.1714417
170,2,1,16.0,2,0,2,4.0,4.0,2,2,1,2,1.0,2.0,0.0,1,2,1,0,2,2,2,0,4.0,3.0,4.0,1.0,2.0,4.0,2.0,11.21657643,8.126074877,8.227994193
210,1,1,18.0,0,1,2,3.0,2.0,3,4,3,2,1.0,3.0,0.0,1,1,1,1,2,0,2,2,4.0,4.0,3.0,1.0,3.0,1.0,4.0,14.15477399,16.11001877,17.22567508
492,1,2,15.0,2,2,2,4.0,4.0,5,3,2,3,1.0,2.0,0.0,1,2,1,1,1,2,2,0,5.0,4.0,3.0,2.0,4.0,5.0,8.0,10.22086894,11.21606984,11.17355569
60,1,1,15.0,2,2,2,1.0,1.0,0,3,3,0,1.0,2.0,0.0,2,1,1,0,2,0,2,1,4.0,3.0,2.0,2.0,3.0,3.0,6.0,12.15253788,13.18791243,12.11295304
533,1,1,17.0,2,2,0,2.0,3.0,0,3,2,2,1.0,2.0,0.0,0,2,1,1,2,2,2,1,5.0,3.0,3.0,1.0,1.0,4.0,0.0,12.16111923,12.22605888,13.2446273
45,1,1,16.0,2,1,2,2.0,2.0,3,3,0,2,1.0,1.0,0.0,1,1,1,1,2,2,2,2,4.0,5.0,2.0,1.0,1.0,5.0,4.0,9.132913419,10.13184472,10.14465895
517,1,1,16.0,2,2,2,2.0,2.0,4,4,1,0,3.0,2.0,0.0,1,2,1,1,2,2,2,0,4.0,3.0,3.0,2.0,3.0,4.0,0.0,14.23907842,13.20203672,13.23033081
410,1,2,17.0,2,2,0,4.0,3.0,5,0,1,2,2.0,2.0,0.0,1,1,0,2,2,2,2,1,4.0,4.0,4.0,4.0,4.0,4.0,0.0,10.20386167,11.17152251,11.15595494
32,1,1,17.0,0,1,2,2.0,3.0,0,3,1,1,2.0,2.0,0.0,0,1,1,2,2,0,0,2,4.0,2.0,1.0,1.0,1.0,3.0,2.0,11.24220032,12.22794776,14.12430266
485,2,0,19.0,2,1,2,1.0,1.0,1,4,1,2,1.0,2.0,1.0,1,1,1,2,2,1,1,2,5.0,3.0,1.0,1.0,2.0,3.0,2.0,7.215293271,9.149283948,9.132911396
236,1,2,15.0,2,2,0,4.0,2.0,2,2,0,1,2.0,1.0,0.0,1,1,1,1,2,2,1,1,4.0,5.0,3.0,3.0,4.0,5.0,4.0,10.24509441,9.138232897,9.116750875
633,2,2,16.0,0,2,2,1.0,1.0,1,3,1,2,2.0,1.0,0.0,1,1,0,2,2,2,2,1,4.0,5.0,5.0,2.0,4.0,5.0,0.0,10.14053776,11.239624965,9.176083417
186,0,1,17.0,1,1,2,1.0,1.0,3,3,4,3,2.0,3.0,0.0,1,1,1,1,2,2,2,2,3.0,2.0,2.0,1.0,3.0,3.0,8.0,11.15420959,11.239624965,15.20460665
238,1,1,16.0,2,1,0,3.0,3.0,3,4,2,2,1.0,2.0,0.0,2,2,1,2,2,2,2,1,4.0,3.0,3.0,2.0,4.0,4.0,4.0,11.18873717,11.19843234,11.21290602
155,2,1,16.0,2,1,2,1.0,2.0,0,4,1,2,1.0,3.0,1.0,1,2,1,1,2,2,1,1,1.0,3.0,2.0,1.0,2.0,4.0,0.0,10.21075326,11.239624965,8.243222062
248,2,0,17.0,2,1,2,2.0,2.0,3,0,0,2,1.0,1.0,0.0,1,2,1,2,2,1,1,1,4.0,5.0,3.0,1.0,1.0,5.0,4.0,9.166234838,9.191472875,10.15148999
85,0,2,19.0,2,1,2,2.0,2.0,1,3,1,3,2.0,1.0,0.0,1,1,1,2,1,1,2,0,4.0,4.0,3.0,1.0,3.0,5.0,4.0,8.195212107,9.18613726,9.14542702
644,2,1,15.0,1,1,2,3.0,3.0,0,4,1,0,2.0,1.0,0.0,1,1,1,1,1,2,2,1,4.0,1.0,3.0,1.0,2.0,4.0,0.0,14.24261648,16.11856929,16.11899349
42,1,1,16.0,0,1,0,4.0,3.0,5,3,3,2,1.0,2.0,0.0,0,1,1,2,2,2,2,2,1.0,3.0,2.0,1.0,1.0,1.0,4.0,14.15125806,11.239624965,15.11932246
192,1,1,17.0,2,1,2,2.0,2.0,3,4,4,1,3.0,3.0,0.0,1,0,1,1,2,2,2,2,4.0,2.0,3.0,1.0,1.0,1.0,8.0,13.20177689,15.21060822,15.1773368
222,2,2,16.0,2,2,2,4.0,3.0,3,3,0,1,1.0,1.0,0.0,1,0,1,2,2,2,2,1,4.0,2.0,5.0,1.0,5.0,5.0,8.0,14.11306977,11.239624965,13.11304714
138,1,1,17.0,2,1,2,2.0,3.0,0,3,1,2,1.0,3.0,0.0,1,2,1,0,0,2,0,1,4.0,3.0,3.0,1.0,2.0,3.0,0.0,11.16900125,12.13641777,14.18989418
496,1,1,17.0,2,1,2,2.0,1.0,3,3,1,3,2.0,2.0,0.0,1,2,1,1,1,2,2,2,4.0,4.0,4.0,1.0,1.0,3.0,10.0,12.18971339,10.12664163,11.1610377
224,1,0,17.0,2,1,2,4.0,3.0,3,3,4,2,1.0,2.0,0.0,1,0,1,1,2,2,2,2,3.0,4.0,5.0,2.0,4.0,1.0,16.0,11.21657643,9.137076346,10.12919532
490,2,1,16.0,0,1,2,2.0,2.0,3,4,1,2,1.0,3.0,1.0,1,2,1,1,2,2,0,0,1.0,3.0,2.0,1.0,2.0,4.0,3.0,9.18496151,8.236804457,8.134104254
610,1,2,17.0,2,2,0,4.0,3.0,2,3,1,2,2.0,2.0,0.0,0,1,1,2,2,2,2,2,2.0,5.0,5.0,1.0,4.0,5.0,8.0,15.24552692,15.20570462,15.20222674
290,1,1,15.0,0,0,1,4.0,3.0,3,3,1,2,1.0,2.0,0.0,2,2,2,0,2,2,2,2,5.0,2.0,2.0,1.0,1.0,5.0,4.0,10.11138225,11.19685862,11.11669378
586,1,1,18.0,1,1,2,2.0,2.0,1,3,1,2,2.0,2.0,0.0,1,1,1,2,0,2,1,1,4.0,4.0,4.0,1.0,2.0,4.0,6.0,11.21657643,13.12962097,14.10585855
187,1,2,17.0,2,1,2,3.0,2.0,4,4,1,2,1.0,1.0,3.0,1,2,0,2,2,2,2,1,5.0,5.0,5.0,2.0,4.0,5.0,2.0,8.14852566,8.243850686,7.234804218
55,1,1,16.0,2,1,2,1.0,2.0,0,3,1,2,1.0,1.0,0.0,1,1,1,1,2,1,2,1,4.0,3.0,5.0,1.0,2.0,5.0,4.0,12.10187003,11.23238759,11.17154865
195,0,1,18.0,1,1,2,2.0,2.0,1,3,3,2,2.0,3.0,0.0,1,1,1,1,2,2,1,1,5.0,3.0,3.0,1.0,3.0,4.0,0.0,11.21657643,17.1429425,15.14229123
87,1,2,17.0,2,0,2,1.0,1.0,2,3,1,2,2.0,1.0,1.0,1,2,1,2,2,2,2,1,4.0,4.0,4.0,1.0,2.0,5.0,0.0,11.21657643,10.10345095,10.20335451
402,2,2,19.0,2,1,2,3.0,2.0,1,4,1,2,2.0,1.0,3.0,0,0,1,2,0,2,1,1,3.0,2.0,1.0,1.0,1.0,3.0,4.0,6.14321558,11.20879695,9.186482379
343,1,1,17.0,1,0,2,4.0,4.0,5,5,1,2,1.0,2.0,0.0,1,1,1,2,2,2,2,1,4.0,4.0,4.0,1.0,1.0,5.0,2.0,15.23342258,16.21409638,17.22333498
578,2,0,17.0,2,2,2,1.0,2.0,1,3,1,1,1.0,1.0,0.0,1,1,1,1,2,2,2,1,5.0,5.0,1.0,1.0,1.0,3.0,2.0,7.234172429,10.21194741,10.18948092
520,1,0,17.0,2,1,2,3.0,2.0,2,2,4,1,1.0,2.0,0.0,1,2,1,2,1,2,2,1,5.0,2.0,2.0,1.0,2.0,5.0,0.0,18.10699847,18.12173036,18.10351734
591,2,1,17.0,0,2,2,4.0,4.0,1,1,1,2,1.0,2.0,0.0,1,2,1,2,2,2,2,2,2.0,3.0,4.0,1.0,1.0,1.0,4.0,15.20554927,14.10465755,15.22423477
234,0,0,15.0,1,1,2,1.0,1.0,3,3,1,2,3.0,1.0,1.0,1,1,1,2,2,2,0,2,5.0,3.0,5.0,1.0,1.0,1.0,2.0,8.189279197,9.18401329,9.238367094
67,1,1,17.0,2,2,0,4.0,3.0,2,3,4,0,1.0,2.0,0.0,0,1,1,0,2,2,0,2,3.0,2.0,3.0,1.0,2.0,3.0,0.0,14.19448669,12.18496937,12.24389695
58,2,1,18.0,2,2,2,3.0,2.0,5,4,1,2,1.0,2.0,0.0,1,2,1,1,2,2,2,1,4.0,3.0,4.0,1.0,1.0,1.0,4.0,11.21657643,15.10175986,16.174085
281,0,1,18.0,2,1,2,1.0,1.0,1,4,0,2,3.0,2.0,1.0,1,1,1,0,2,1,1,1,4.0,4.0,2.0,1.0,2.0,2.0,2.0,11.21657643,10.11348707,10.20659804
489,2,2,17.0,1,1,2,1.0,0.0,1,1,1,3,3.0,1.0,1.0,2,2,1,1,2,2,1,1,4.0,3.0,2.0,1.0,1.0,4.0,0.0,12.19232397,12.1480307,13.16817819
381,1,1,17.0,2,2,0,3.0,3.0,3,3,4,2,1.0,2.0,0.0,1,2,0,2,2,0,2,2,5.0,3.0,3.0,2.0,3.0,1.0,32.0,14.11596325,13.1147464,14.24983132
562,1,2,15.0,2,2,0,2.0,4.0,5,5,1,2,1.0,2.0,0.0,1,1,1,0,2,2,2,0,5.0,5.0,3.0,1.0,1.0,4.0,2.0,13.23357806,14.20785103,14.19025341
76,1,2,21.0,1,2,2,1.0,1.0,1,3,0,3,2.0,2.0,0.0,1,2,1,2,0,1,2,2,4.0,3.0,3.0,5.0,2.0,4.0,21.0,9.189790547,10.20390328,10.18241485
279,1,1,18.0,2,2,1,2.0,2.0,4,3,4,2,2.0,2.0,0.0,1,2,1,1,2,2,2,1,4.0,3.0,3.0,1.0,3.0,4.0,10.0,11.21657643,17.23127478,17.21303971
1,1,2,16.0,2,2,2,2.0,1.0,1,3,1,2,1.0,1.0,1.0,1,1,1,2,2,2,1,2,4.0,4.0,4.0,1.0,2.0,5.0,6.0,11.21657643,10.16345848,10.12201403
524,1,2,17.0,2,1,2,4.0,3.0,3,3,1,2,1.0,2.0,0.0,0,0,2,2,2,2,2,0,5.0,2.0,3.0,1.0,1.0,2.0,2.0,11.21657643,11.15491959,13.16607992
423,1,2,18.0,2,1,2,2.0,2.0,3,3,2,2,2.0,2.0,3.0,1,2,2,1,2,2,2,1,3.0,3.0,3.0,5.0,5.0,4.0,9.0,10.12258654,9.22058073,10.10100762
427,2,1,18.0,2,1,2,1.0,1.0,3,0,1,2,3.0,2.0,0.0,1,1,1,2,2,2,1,2,3.0,4.0,4.0,2.0,2.0,5.0,3.0,7.221564157,8.144376251,7.166975545
286,1,2,17.0,2,1,2,4.0,4.0,0,5,2,2,1.0,1.0,0.0,1,1,1,1,2,2,2,1,4.0,2.0,3.0,1.0,2.0,5.0,4.0,13.13679847,13.13692504,14.2221022
96,1,0,17.0,0,1,2,2.0,2.0,1,3,2,2,1.0,2.0,1.0,2,1,1,2,2,2,2,1,3.0,1.0,2.0,1.0,1.0,5.0,12.0,8.11016731,10.21562265,10.18744061
371,2,1,16.0,2,2,1,2.0,2.0,1,3,4,2,2.0,4.0,0.0,1,1,0,2,1,1,1,2,1.0,2.0,1.0,1.0,1.0,1.0,4.0,10.19982748,9.111891765,11.12928506
245,1,1,17.0,2,2,1,3.0,3.0,3,4,2,2,1.0,2.0,0.0,1,0,1,1,0,2,2,1,2.0,3.0,5.0,1.0,4.0,3.0,6.0,13.10479816,12.15565731,13.20493318
511,1,2,15.0,2,1,2,4.0,2.0,3,0,1,2,1.0,4.0,0.0,1,1,1,1,2,2,0,1,3.0,3.0,3.0,1.0,1.0,3.0,0.0,11.21657643,9.158278641,10.19820024
569,2,1,17.0,1,1,2,2.0,0.0,1,3,1,2,2.0,1.0,0.0,1,2,1,0,2,2,2,1,4.0,4.0,3.0,1.0,1.0,5.0,0.0,10.19663504,11.14827492,11.20749365
357,0,1,17.0,2,1,2,3.0,2.0,0,3,2,2,1.0,2.0,0.0,1,2,1,1,2,2,2,2,4.0,3.0,2.0,2.0,2.0,2.0,0.0,12.14572246,13.11938285,15.1021213
43,1,2,17.0,2,1,2,4.0,4.0,5,5,4,2,1.0,2.0,0.0,2,2,1,2,2,0,2,2,4.0,5.0,5.0,1.0,3.0,2.0,2.0,13.12658225,13.19608315,13.16025893
356,1,1,16.0,2,2,2,4.0,2.0,2,2,3,2,1.0,3.0,0.0,1,2,1,2,2,2,2,2,5.0,4.0,5.0,1.0,1.0,4.0,2.0,15.13423154,15.13326238,14.19256392
6,1,1,15.0,2,1,2,2.0,2.0,2,4,2,2,1.0,3.0,0.0,1,2,1,2,2,2,2,2,3.0,3.0,2.0,1.0,1.0,5.0,0.0,14.21841139,14.1342694,14.11307934
618,1,1,16.0,0,1,2,2.0,2.0,3,3,4,2,1.0,2.0,0.0,1,2,1,1,2,2,2,1,1.0,3.0,2.0,1.0,2.0,1.0,8.0,14.12055521,15.1117026,16.23241436
23,2,2,17.0,1,1,2,1.0,1.0,3,4,1,2,2.0,1.0,0.0,1,2,1,2,1,2,2,2,4.0,5.0,5.0,1.0,3.0,2.0,0.0,10.23759287,9.126739796,10.21190891
394,2,1,17.0,1,1,0,2.0,1.0,1,3,1,2,3.0,1.0,0.0,1,0,1,2,2,1,1,2,5.0,5.0,3.0,1.0,1.0,3.0,2.0,9.109219382,11.239624965,11.13616519
154,1,1,17.0,2,1,2,3.0,3.0,0,0,1,1,1.0,2.0,0.0,1,2,1,1,2,2,2,0,4.0,1.0,4.0,1.0,1.0,3.0,8.0,11.22054571,12.17334657,14.12204975
309,2,1,18.0,1,1,0,1.0,1.0,1,1,1,2,2.0,1.0,1.0,1,1,0,1,1,0,2,2,3.0,2.0,3.0,1.0,1.0,2.0,4.0,11.21657643,11.18937968,10.2016547
403,1,1,20.0,1,0,2,2.0,1.0,3,3,0,3,2.0,2.0,0.0,1,2,2,2,2,1,2,2,1.0,2.0,3.0,1.0,2.0,2.0,8.0,10.10465816,12.13012937,12.23915538
630,1,1,17.0,2,1,2,4.0,4.0,3,5,1,2,1.0,1.0,0.0,2,2,1,1,2,2,1,2,4.0,2.0,1.0,1.0,1.0,4.0,0.0,13.24601762,13.1793072,13.13532412
120,1,1,17.0,2,1,2,1.0,1.0,1,0,1,2,1.0,2.0,0.0,2,1,1,1,1,2,1,2,4.0,3.0,2.0,1.0,1.0,4.0,10.0,10.23481761,9.168692114,10.19951802
409,1,1,17.0,0,1,2,3.0,4.0,1,4,1,1,1.0,3.0,0.0,1,2,0,2,1,2,0,1,4.0,3.0,4.0,2.0,5.0,5.0,2.0,15.13166174,15.12919624,17.11883637
104,1,2,16.0,0,2,2,1.0,1.0,4,0,1,2,1.0,2.0,2.0,1,1,1,1,2,2,1,2,4.0,4.0,4.0,1.0,3.0,5.0,0.0,10.16798063,10.10546829,10.23638269
332,2,1,16.0,1,2,2,3.0,4.0,1,3,3,2,3.0,2.0,0.0,1,2,0,1,1,2,1,1,4.0,2.0,1.0,1.0,1.0,2.0,2.0,7.234058445,9.199598463,8.224700752
109,2,1,17.0,1,1,2,2.0,1.0,1,3,0,1,4.0,3.0,0.0,2,2,1,1,2,2,1,1,4.0,4.0,3.0,1.0,1.0,5.0,2.0,10.15079474,9.249190201,10.15533249
392,1,1,17.0,2,0,0,4.0,2.0,5,4,4,2,1.0,4.0,0.0,1,0,1,2,2,2,2,0,4.0,2.0,3.0,1.0,1.0,4.0,2.0,14.16361939,15.13598672,17.1577568
200,2,2,18.0,2,2,2,4.0,4.0,1,0,2,2,1.0,4.0,0.0,1,2,1,2,2,1,2,2,4.0,5.0,3.0,5.0,2.0,5.0,2.0,5.209982423,6.173418527,6.100005197
21,2,2,15.0,0,2,2,1.0,3.0,1,3,4,1,3.0,1.0,0.0,1,2,1,2,2,2,2,1,4.0,2.0,4.0,3.0,5.0,3.0,2.0,10.15471128,11.12747805,11.23037088
497,1,1,16.0,0,1,2,4.0,4.0,2,2,4,2,1.0,2.0,0.0,0,2,1,1,2,2,2,2,4.0,4.0,2.0,1.0,1.0,3.0,0.0,16.18390314,16.23289034,17.23730027
277,1,1,16.0,0,1,2,4.0,2.0,2,4,2,0,1.0,2.0,0.0,1,1,1,1,2,2,0,2,4.0,2.0,3.0,1.0,1.0,3.0,0.0,17.16042805,17.23843741,18.1901277
264,1,0,16.0,2,1,2,4.0,4.0,5,0,2,2,1.0,2.0,0.0,1,2,2,2,2,2,2,2,4.0,4.0,5.0,5.0,5.0,4.0,2.0,12.17698332,11.23882817,12.24124806
47,2,2,17.0,1,2,2,1.0,2.0,1,4,4,2,1.0,1.0,0.0,1,2,1,2,2,2,2,1,5.0,5.0,5.0,5.0,5.0,3.0,4.0,10.14111598,11.22949804,11.17905234
81,1,2,18.0,0,1,2,4.0,3.0,5,4,1,2,1.0,3.0,0.0,0,1,1,1,0,2,2,2,5.0,3.0,2.0,1.0,2.0,4.0,4.0,15.12190115,14.20096864,17.2470327
62,2,1,16.0,1,1,2,2.0,2.0,3,3,1,2,2.0,2.0,0.0,1,2,1,2,2,2,2,1,4.0,4.0,4.0,1.0,1.0,5.0,0.0,12.11387679,12.10913409,12.11137966
66,2,2,18.0,2,2,2,1.0,2.0,1,4,1,2,1.0,1.0,0.0,1,1,1,1,0,1,2,2,4.0,3.0,3.0,2.0,3.0,3.0,0.0,9.233472004,10.15273995,9.224735916
16,0,1,16.0,1,1,2,2.0,2.0,4,0,4,2,2.0,4.0,0.0,1,2,1,2,1,2,2,1,5.0,3.0,5.0,1.0,2.0,5.0,6.0,13.10340993,13.12043853,13.22901529
118,0,1,17.0,2,1,2,0.0,2.0,3,1,1,1,2.0,1.0,0.0,1,1,1,2,1,2,0,1,4.0,4.0,4.0,1.0,5.0,5.0,5.0,9.203886493,9.198283165,10.2257721
572,1,1,17.0,2,1,2,3.0,2.0,3,3,1,2,1.0,2.0,0.0,1,1,1,2,1,2,2,1,5.0,3.0,4.0,1.0,3.0,3.0,2.0,17.10468382,18.18600364,17.11056507
369,2,0,16.0,0,1,1,2.0,2.0,4,1,1,2,2.0,2.0,2.0,1,2,1,2,2,2,1,2,2.0,5.0,5.0,1.0,1.0,4.0,8.0,5.226006228,5.247374953,7.105411077
434,2,1,15.0,1,1,2,3.0,3.0,4,3,4,2,1.0,2.0,0.0,1,2,1,1,2,2,2,2,4.0,3.0,4.0,1.0,1.0,1.0,4.0,13.21452871,12.13327256,12.18816029
63,1,2,17.0,1,1,2,3.0,2.0,1,4,2,3,1.0,1.0,0.0,1,2,1,1,1,2,1,2,5.0,3.0,4.0,2.0,2.0,5.0,0.0,11.12749303,11.239624965,10.18882469
213,1,1,17.0,2,1,2,4.0,4.0,2,0,1,2,1.0,1.0,0.0,1,1,1,2,2,0,2,0,5.0,3.0,4.0,1.0,2.0,5.0,2.0,14.24207926,15.12129304,17.11383074
30,2,2,19.0,2,0,2,1.0,1.0,3,3,3,2,1.0,2.0,2.0,1,2,1,2,2,1,2,1,4.0,4.0,3.0,3.0,4.0,4.0,2.0,9.124384978,9.117791151,10.20856975
49,1,1,18.0,2,1,2,2.0,1.0,0,3,4,2,1.0,2.0,0.0,1,2,1,2,2,1,2,2,5.0,4.0,5.0,1.0,3.0,5.0,2.0,10.20863748,9.160703989,8.23181002
365,0,0,16.0,2,0,2,1.0,2.0,0,4,4,1,1.0,2.0,0.0,2,1,1,2,2,2,2,1,4.0,4.0,3.0,1.0,1.0,1.0,0.0,13.11901777,13.13168364,10.18875414
540,0,1,16.0,2,1,2,2.0,1.0,3,4,1,2,1.0,2.0,0.0,1,2,1,2,2,2,2,1,5.0,3.0,3.0,1.0,1.0,1.0,0.0,14.16853297,13.15693376,14.11817494
531,1,2,15.0,1,1,2,2.0,4.0,3,3,2,1,4.0,4.0,0.0,1,0,1,2,2,2,0,2,1.0,3.0,5.0,3.0,5.0,1.0,2.0,12.18486762,11.239624965,11.23388108
298,1,1,16.0,0,1,2,2.0,4.0,5,4,2,2,1.0,3.0,0.0,1,2,1,2,1,2,2,0,5.0,3.0,2.0,1.0,1.0,5.0,2.0,15.24723776,11.239624965,16.13530432
472,1,2,18.0,2,2,2,2.0,2.0,4,4,4,2,1.0,2.0,0.0,1,2,1,2,1,1,2,1,4.0,4.0,4.0,1.0,3.0,3.0,11.0,9.137147506,11.24887027,12.17448379
197,2,1,16.0,1,1,2,4.0,4.0,2,5,4,1,1.0,2.0,0.0,1,1,1,0,1,2,2,0,4.0,3.0,3.0,2.0,3.0,2.0,0.0,14.1710457,16.13716064,16.22755361
425,1,1,17.0,0,1,2,4.0,2.0,2,4,4,2,1.0,3.0,0.0,1,2,0,1,2,2,2,1,4.0,2.0,2.0,1.0,2.0,3.0,0.0,17.10789031,18.11240107,18.22786313
623,2,2,16.0,1,0,2,1.0,2.0,3,1,1,2,1.0,1.0,0.0,1,1,1,0,2,2,1,1,4.0,4.0,4.0,2.0,4.0,4.0,4.0,11.21657643,10.2394515,11.23155617
391,2,1,18.0,2,1,1,2.0,4.0,3,4,4,1,1.0,2.0,1.0,1,0,1,1,2,2,2,1,2.0,3.0,2.0,1.0,3.0,1.0,8.0,8.163516908,5.19944459,8.11896918
326,2,2,18.0,1,1,2,2.0,1.0,3,3,2,2,2.0,1.0,1.0,1,1,1,0,2,1,2,1,4.0,3.0,3.0,3.0,4.0,4.0,0.0,8.118904663,9.125472375,10.1195723
639,1,0,16.0,0,1,2,3.0,4.0,3,3,1,1,3.0,2.0,0.0,0,2,1,2,1,2,2,1,3.0,4.0,5.0,2.0,4.0,2.0,4.0,11.21657643,9.1218549,10.11340986
14,2,2,18.0,1,0,2,2.0,1.0,3,3,3,2,2.0,1.0,0.0,1,1,1,2,0,2,2,2,4.0,4.0,3.0,1.0,3.0,5.0,0.0,7.112851566,7.216830082,0.148803294
375,1,1,15.0,2,1,2,4.0,4.0,4,5,3,1,1.0,2.0,0.0,2,2,1,2,1,2,2,1,4.0,3.0,4.0,1.0,1.0,3.0,2.0,13.11040607,12.23908901,12.13131838
374,1,2,15.0,2,1,2,4.0,4.0,2,4,2,2,1.0,2.0,0.0,1,2,2,1,1,2,2,1,5.0,4.0,2.0,3.0,4.0,5.0,0.0,10.24815367,11.13299381,11.19318817
328,2,1,16.0,1,2,2,2.0,2.0,3,4,1,1,1.0,2.0,0.0,1,1,1,2,2,2,1,2,5.0,4.0,3.0,1.0,1.0,1.0,0.0,11.19890644,13.21783699,12.14304779
518,1,2,17.0,2,2,2,2.0,2.0,3,3,2,1,1.0,2.0,0.0,1,1,1,2,1,2,2,2,4.0,4.0,2.0,5.0,5.0,4.0,0.0,16.1349713,16.10339604,16.18080204
289,2,1,16.0,2,2,2,2.0,1.0,3,4,3,2,1.0,2.0,0.0,1,1,1,1,2,2,2,2,3.0,2.0,2.0,1.0,1.0,3.0,0.0,11.21657643,15.11211419,16.24006991
257,1,2,16.0,2,2,2,2.0,2.0,4,4,4,1,2.0,1.0,0.0,1,2,1,2,2,2,2,1,4.0,3.0,3.0,2.0,2.0,2.0,4.0,12.11829608,11.12782191,11.15750884
481,1,2,17.0,2,1,2,2.0,3.0,3,3,2,1,2.0,1.0,0.0,1,1,0,0,2,2,2,1,5.0,3.0,3.0,1.0,1.0,4.0,0.0,11.21657643,12.22650126,12.23715146
616,1,2,15.0,2,1,2,3.0,2.0,3,3,4,1,1.0,1.0,0.0,1,1,1,1,2,2,2,1,3.0,4.0,3.0,1.0,2.0,4.0,2.0,14.19984014,13.22451924,14.19797381
253,0,1,15.0,1,1,2,3.0,4.0,4,2,1,2,1.0,3.0,0.0,2,2,1,2,2,2,2,0,4.0,3.0,2.0,1.0,2.0,5.0,2.0,11.14979288,12.12460011,12.19443231
471,1,0,18.0,2,0,2,3.0,3.0,0,4,2,2,1.0,2.0,0.0,1,2,1,1,2,2,0,1,5.0,3.0,3.0,1.0,1.0,1.0,4.0,14.16585751,14.17757952,15.23696492
456,1,2,18.0,1,0,2,2.0,3.0,3,4,4,1,1.0,1.0,0.0,1,1,1,1,2,2,2,1,3.0,3.0,3.0,4.0,5.0,4.0,13.0,13.21509779,14.20987064,14.15895093
609,1,2,15.0,2,2,2,4.0,2.0,5,0,1,2,1.0,1.0,0.0,1,1,0,1,2,0,2,1,3.0,5.0,2.0,1.0,1.0,3.0,10.0,18.22417544,11.239624965,18.15795964
191,1,2,18.0,2,2,2,4.0,4.0,5,5,2,2,1.0,1.0,0.0,1,2,1,1,2,0,2,2,1.0,3.0,2.0,2.0,2.0,1.0,0.0,18.17931767,18.2454701,17.1107535
204,1,2,16.0,1,1,2,3.0,3.0,4,4,4,2,1.0,1.0,0.0,1,2,1,2,0,2,2,1,4.0,3.0,2.0,3.0,4.0,5.0,0.0,11.13491799,10.24678174,10.20516546
568,1,1,18.0,2,1,2,2.0,4.0,2,2,4,1,1.0,2.0,1.0,2,2,1,2,0,2,2,2,2.0,4.0,4.0,1.0,1.0,4.0,2.0,14.16860478,12.21504633,13.16550529
299,1,2,17.0,2,1,2,2.0,1.0,0,3,2,0,1.0,2.0,0.0,1,0,1,1,2,2,2,1,5.0,4.0,5.0,1.0,2.0,5.0,22.0,9.182179772,7.130707067,6.232856526
383,2,2,18.0,2,2,2,4.0,4.0,5,4,3,0,2.0,3.0,0.0,1,1,1,1,2,2,2,2,4.0,2.0,2.0,2.0,2.0,5.0,0.0,15.15884527,16.1782802,16.14305025
92,1,2,17.0,2,0,2,3.0,3.0,2,3,2,2,1.0,1.0,0.0,1,2,1,1,2,2,2,1,4.0,4.0,3.0,1.0,3.0,5.0,0.0,14.14628078,15.11883175,15.14190265
538,1,1,17.0,2,2,1,2.0,1.0,3,3,1,2,3.0,1.0,0.0,1,0,1,1,2,2,2,1,3.0,2.0,2.0,1.0,2.0,4.0,8.0,11.16285881,10.24230875,11.23922782
473,1,1,17.0,1,2,2,2.0,2.0,4,4,1,2,1.0,3.0,0.0,1,2,0,2,2,2,2,1,3.0,3.0,2.0,1.0,2.0,3.0,0.0,11.18424466,11.20535683,10.12817402
452,1,1,17.0,2,1,1,2.0,2.0,1,1,2,1,1.0,2.0,0.0,1,2,1,1,0,0,0,0,3.0,3.0,1.0,1.0,2.0,4.0,18.0,10.23301887,12.19149408,14.16064337
359,1,2,15.0,2,1,2,4.0,4.0,2,2,3,1,1.0,1.0,0.0,1,0,2,1,2,2,2,1,5.0,4.0,2.0,1.0,1.0,5.0,0.0,11.14395458,12.10145245,12.152366
189,2,0,19.0,2,2,2,2.0,2.0,3,3,2,2,1.0,3.0,0.0,1,1,1,1,0,2,2,2,5.0,4.0,5.0,1.0,1.0,1.0,0.0,12.17087591,13.24686222,13.17292517
166,0,1,17.0,2,2,0,3.0,2.0,3,3,4,2,2.0,2.0,0.0,0,0,1,1,2,2,2,1,4.0,3.0,4.0,1.0,3.0,1.0,2.0,14.1616832,16.24070241,15.16381171
598,2,1,18.0,1,1,2,4.0,4.0,3,0,3,0,3.0,2.0,0.0,1,2,1,0,1,2,2,2,3.0,3.0,2.0,4.0,2.0,5.0,2.0,7.166820058,5.142618729,0.139315495
209,1,0,16.0,2,1,2,2.0,1.0,4,4,1,1,1.0,1.0,0.0,2,2,1,2,1,2,2,2,4.0,5.0,5.0,1.0,5.0,5.0,0.0,10.18327378,10.10905646,16.248055
295,1,1,16.0,2,1,2,2.0,2.0,4,5,3,2,1.0,2.0,0.0,2,1,1,1,2,2,2,1,2.0,3.0,3.0,1.0,1.0,3.0,0.0,13.21404846,13.23076716,14.17002495
593,1,1,15.0,2,2,2,3.0,2.0,4,3,4,2,1.0,2.0,0.0,1,2,1,1,2,2,2,1,4.0,3.0,4.0,1.0,1.0,5.0,4.0,12.18212739,11.13394927,11.1849261
252,1,0,18.0,2,1,2,2.0,1.0,3,3,0,2,2.0,2.0,0.0,1,1,1,2,0,2,2,2,4.0,3.0,1.0,1.0,1.0,5.0,10.0,12.19066849,11.239624965,14.2310605
534,0,1,17.0,2,1,2,4.0,4.0,4,5,2,2,2.0,1.0,1.0,1,2,1,1,2,2,0,1,4.0,3.0,4.0,2.0,3.0,2.0,30.0,14.21307849,15.24598863,16.14742067
558,1,1,19.0,1,1,2,3.0,2.0,0,4,0,1,1.0,2.0,1.0,2,2,0,1,2,1,2,1,4.0,3.0,3.0,4.0,3.0,3.0,0.0,9.187225723,8.16072694,10.15893185
601,1,1,17.0,2,1,2,2.0,2.0,1,4,2,2,1.0,3.0,0.0,1,2,1,2,2,2,0,2,4.0,3.0,3.0,1.0,1.0,3.0,0.0,11.21657643,12.15765207,13.18439372
137,2,1,17.0,0,1,2,2.0,2.0,3,0,2,0,1.0,3.0,0.0,1,1,1,2,2,2,1,2,3.0,3.0,3.0,1.0,1.0,3.0,8.0,10.139027,11.10487733,12.10947438
596,1,1,15.0,2,1,2,4.0,4.0,4,4,1,2,1.0,1.0,0.0,2,2,1,1,2,2,2,1,3.0,3.0,4.0,2.0,3.0,5.0,0.0,13.23459628,12.16054521,12.11531073
462,1,1,18.0,2,1,2,2.0,1.0,3,3,2,2,1.0,3.0,0.0,1,1,1,2,2,2,2,1,4.0,5.0,5.0,1.0,2.0,2.0,0.0,14.22379807,14.24562613,14.21020822
237,1,2,17.0,2,2,1,4.0,1.0,4,3,2,2,1.0,1.0,0.0,1,1,1,2,2,2,2,2,4.0,5.0,4.0,2.0,4.0,5.0,22.0,11.18643959,11.22967206,10.17850314
385,1,2,17.0,2,2,1,3.0,2.0,0,4,2,2,1.0,1.0,0.0,0,1,1,1,2,2,2,1,4.0,4.0,4.0,3.0,4.0,3.0,18.0,13.14175739,13.12667219,13.22103459
337,1,1,18.0,2,1,0,2.0,2.0,3,3,0,2,1.0,1.0,0.0,1,2,1,2,0,0,2,0,4.0,3.0,5.0,2.0,4.0,5.0,2.0,10.15565348,10.12861951,10.13142745
243,1,2,17.0,2,1,2,3.0,3.0,1,3,4,3,3.0,2.0,0.0,2,0,1,1,1,2,2,1,4.0,3.0,3.0,1.0,3.0,2.0,2.0,9.235944868,11.10817797,10.15798534
590,1,2,18.0,2,2,2,2.0,1.0,4,3,1,2,3.0,2.0,1.0,0,1,1,0,1,1,2,1,4.0,4.0,5.0,4.0,4.0,5.0,4.0,11.17414011,10.11098573,11.23404082
529,0,1,16.0,1,1,2,1.0,1.0,1,3,1,1,2.0,2.0,3.0,0,2,1,1,2,2,1,1,3.0,4.0,3.0,1.0,1.0,1.0,0.0,7.223945249,7.174461412,8.248857715
487,2,2,17.0,1,2,2,4.0,1.0,2,4,0,1,1.0,2.0,0.0,1,2,1,2,2,0,2,1,5.0,3.0,4.0,1.0,2.0,2.0,7.0,7.203205993,9.18092804,8.116585723
33,0,1,17.0,1,1,2,2.0,4.0,0,3,1,0,1.0,3.0,0.0,1,2,1,1,2,2,2,2,4.0,4.0,3.0,1.0,1.0,5.0,0.0,15.20694932,15.23662833,15.21561023
643,1,1,17.0,0,1,2,2.0,2.0,0,3,4,2,1.0,2.0,0.0,1,2,1,2,2,0,2,1,4.0,3.0,3.0,2.0,4.0,4.0,4.0,12.16194907,16.16412943,16.17032881
83,2,1,18.0,1,2,1,4.0,2.0,5,3,4,2,1.0,2.0,0.0,1,1,1,0,2,2,0,2,5.0,3.0,1.0,1.0,2.0,5.0,0.0,5.234195733,0.193690647,0.102432578
270,0,2,18.0,2,2,2,4.0,3.0,5,4,1,2,1.0,1.0,0.0,1,1,1,2,2,0,2,1,4.0,2.0,3.0,1.0,2.0,1.0,2.0,10.2315265,10.15241085,10.12955037
470,1,0,15.0,2,2,1,3.0,4.0,3,0,2,2,1.0,2.0,0.0,2,1,1,2,2,2,0,2,5.0,3.0,2.0,1.0,2.0,1.0,0.0,10.10635345,11.24042176,11.20646484
550,1,2,17.0,2,2,2,4.0,4.0,3,5,2,0,2.0,2.0,0.0,1,1,1,1,2,2,2,1,4.0,1.0,1.0,2.0,2.0,5.0,0.0,12.10932372,13.13365567,13.10117411
36,1,2,16.0,2,0,2,3.0,3.0,3,4,1,1,1.0,2.0,1.0,1,2,1,1,2,2,2,2,4.0,5.0,5.0,4.0,4.0,5.0,0.0,10.11929125,10.22641402,1.193971052
368,1,2,17.0,1,1,2,2.0,3.0,3,3,0,1,3.0,2.0,1.0,1,2,1,2,2,2,2,1,5.0,2.0,4.0,1.0,4.0,5.0,14.0,12.24525816,11.239624965,11.22386295
581,2,2,18.0,1,1,2,4.0,2.0,3,3,2,1,2.0,1.0,1.0,1,1,2,1,2,2,0,1,5.0,4.0,3.0,4.0,3.0,3.0,0.0,7.165962308,11.239624965,0.128249505
411,1,2,17.0,2,1,2,3.0,2.0,4,1,2,2,1.0,1.0,0.0,1,2,1,1,2,1,2,2,4.0,3.0,4.0,1.0,1.0,4.0,2.0,11.12039562,9.245609274,11.24945461
338,1,2,17.0,1,1,0,2.0,2.0,3,3,1,1,2.0,2.0,0.0,1,2,1,2,2,2,2,1,4.0,3.0,2.0,1.0,1.0,1.0,0.0,12.2422025,13.19111221,13.18719879
300,1,0,16.0,2,2,2,1.0,1.0,0,3,2,2,2.0,2.0,0.0,1,2,0,0,2,2,2,1,3.0,4.0,2.0,1.0,1.0,4.0,2.0,9.130234829,9.2143443,9.118788553
370,1,1,19.0,0,1,2,1.0,1.0,3,3,0,3,3.0,3.0,0.0,0,1,1,2,2,1,1,2,1.0,5.0,5.0,4.0,3.0,5.0,12.0,10.21145107,10.13509263,11.21119746
612,0,1,17.0,2,1,2,4.0,4.0,5,3,1,2,1.0,2.0,0.0,1,2,1,1,2,2,2,1,4.0,4.0,4.0,3.0,3.0,5.0,2.0,12.1182039,11.22645955,13.22289043
466,1,2,15.0,2,2,1,3.0,2.0,0,3,2,2,1.0,2.0,0.0,1,2,1,1,2,2,2,1,4.0,2.0,2.0,1.0,1.0,1.0,0.0,15.20099386,16.21114973,17.17864155
450,0,1,18.0,2,2,2,1.0,1.0,1,4,1,1,2.0,3.0,0.0,1,1,1,1,2,2,2,1,4.0,3.0,2.0,1.0,1.0,4.0,0.0,19.2481202,11.239624965,18.20966183
599,2,1,17.0,2,1,2,2.0,3.0,5,3,3,2,2.0,2.0,0.0,1,1,0,1,2,2,2,1,5.0,5.0,4.0,1.0,1.0,1.0,0.0,6.1928222,9.163748194,11.19093871
59,2,1,17.0,2,1,2,3.0,3.0,0,4,1,2,2.0,1.0,0.0,0,2,1,1,2,2,2,1,4.0,4.0,3.0,1.0,2.0,4.0,0.0,11.24070568,12.11099333,13.13501934
22,2,2,18.0,1,1,0,1.0,3.0,1,3,1,2,1.0,2.0,0.0,1,2,2,1,2,0,0,1,3.0,3.0,4.0,1.0,4.0,3.0,0.0,8.235095214,10.12226098,9.170837469
98,1,2,18.0,2,2,2,1.0,1.0,3,3,1,2,1.0,1.0,2.0,1,1,0,1,2,1,2,2,2.0,3.0,5.0,2.0,5.0,4.0,0.0,11.23464381,9.161900812,0.129195616
617,2,1,17.0,1,1,0,1.0,2.0,3,4,1,1,2.0,2.0,0.0,1,1,0,1,1,2,1,1,3.0,2.0,2.0,1.0,2.0,3.0,0.0,13.18761353,13.1704654,13.23642247
176,0,2,17.0,0,2,2,4.0,4.0,0,0,2,2,1.0,3.0,0.0,1,2,1,1,2,2,2,1,4.0,4.0,3.0,1.0,2.0,4.0,0.0,11.21657643,14.1697538,16.24070743
397,0,1,16.0,1,1,2,2.0,2.0,1,3,1,2,2.0,2.0,1.0,0,2,1,2,1,2,1,1,4.0,4.0,4.0,2.0,3.0,5.0,2.0,12.10608266,11.15948774,12.24454184
482,2,0,15.0,1,1,2,1.0,2.0,1,3,2,1,2.0,2.0,0.0,1,2,1,0,2,2,2,1,4.0,3.0,3.0,1.0,1.0,2.0,1.0,11.16992895,10.108002,11.20147432
117,1,1,17.0,2,2,2,2.0,2.0,3,3,1,1,1.0,1.0,0.0,1,2,1,1,2,2,2,2,3.0,4.0,4.0,1.0,3.0,5.0,2.0,13.21139443,12.24483475,12.21558373
34,1,2,15.0,2,1,2,3.0,2.0,4,4,2,1,1.0,1.0,0.0,2,1,1,1,2,2,2,1,5.0,3.0,5.0,3.0,2.0,5.0,2.0,9.201078435,9.205309012,9.128457827
418,2,2,17.0,1,1,2,2.0,2.0,3,3,1,2,1.0,1.0,0.0,1,1,0,2,2,1,1,0,4.0,5.0,3.0,3.0,5.0,5.0,0.0,11.21657643,13.24516955,10.17608578
311,1,1,19.0,2,1,2,2.0,2.0,4,0,2,2,1.0,2.0,0.0,1,2,1,1,2,2,2,1,4.0,3.0,3.0,1.0,1.0,5.0,0.0,10.22827843,11.239624965,11.18673131
51,1,0,16.0,2,1,2,3.0,3.0,3,3,4,2,3.0,2.0,0.0,2,2,1,2,2,0,1,1,5.0,3.0,2.0,1.0,1.0,4.0,2.0,13.12716286,14.17660055,14.22827266
595,1,1,17.0,2,0,2,2.0,4.0,4,4,4,1,1.0,2.0,0.0,1,2,1,2,2,2,1,1,5.0,4.0,2.0,2.0,3.0,5.0,0.0,17.11575851,18.13886284,17.19438216
217,0,1,18.0,2,1,2,2.0,3.0,1,4,1,0,2.0,1.0,0.0,1,2,1,1,2,2,2,2,5.0,2.0,3.0,1.0,2.0,4.0,0.0,10.12603837,10.20974594,10.16671444
426,0,1,17.0,2,0,1,2.0,1.0,3,3,1,2,2.0,3.0,0.0,1,1,1,2,2,2,0,2,3.0,2.0,3.0,1.0,2.0,3.0,0.0,15.17928463,15.19729947,16.2043904
376,1,1,17.0,2,1,0,4.0,3.0,4,4,1,2,1.0,2.0,0.0,1,2,1,1,2,2,2,2,4.0,2.0,2.0,1.0,2.0,5.0,14.0,15.15198917,14.17185061,17.19433845
329,1,2,15.0,2,1,2,4.0,0.0,5,3,1,2,2.0,4.0,0.0,1,0,1,2,0,2,2,1,3.0,4.0,3.0,1.0,1.0,1.0,0.0,12.16312596,11.22050685,11.11827498
483,2,2,15.0,0,1,2,2.0,2.0,0,3,4,2,3.0,1.0,0.0,1,1,1,0,2,2,1,1,4.0,3.0,3.0,1.0,2.0,4.0,1.0,11.21657643,12.10485597,13.16015924
13,1,1,17.0,2,0,2,3.0,1.0,3,1,0,2,1.0,1.0,1.0,1,2,2,1,2,2,2,2,4.0,1.0,2.0,1.0,1.0,3.0,6.0,10.20161397,13.23538874,13.1574005
8,2,1,17.0,1,1,2,2.0,3.0,3,3,1,2,2.0,2.0,0.0,1,2,1,0,2,2,2,0,5.0,3.0,5.0,1.0,3.0,3.0,2.0,10.17234019,11.20494164,12.19182734
378,2,2,17.0,2,1,2,1.0,1.0,1,4,3,2,1.0,2.0,0.0,1,1,1,1,2,2,2,2,5.0,3.0,3.0,3.0,3.0,4.0,0.0,10.1090824,10.10412847,10.10507894
151,1,2,17.0,1,1,2,1.0,2.0,1,1,2,2,1.0,2.0,0.0,1,2,1,2,1,2,1,0,3.0,5.0,2.0,2.0,2.0,1.0,2.0,16.14313193,17.2109309,18.2462766
276,1,1,15.0,2,2,2,4.0,3.0,4,4,4,1,1.0,2.0,0.0,2,1,1,0,2,2,2,2,4.0,4.0,4.0,2.0,4.0,2.0,0.0,13.24739186,12.16994489,12.24960812
126,2,0,16.0,2,0,1,1.0,2.0,3,3,3,2,1.0,3.0,0.0,0,1,1,1,2,2,2,1,4.0,4.0,3.0,1.0,1.0,5.0,0.0,10.21355602,11.14709117,11.17334375
393,1,2,17.0,2,0,2,4.0,4.0,5,5,1,2,1.0,1.0,0.0,1,2,1,2,1,2,2,1,4.0,2.0,1.0,1.0,2.0,5.0,6.0,10.10282323,8.248520433,9.249426184
408,0,1,16.0,1,1,2,2.0,2.0,3,3,1,2,3.0,2.0,0.0,0,2,1,1,2,2,2,1,4.0,4.0,5.0,1.0,1.0,4.0,2.0,9.193761205,10.2089324,11.22658239
373,1,0,16.0,2,2,2,4.0,4.0,5,5,4,0,1.0,2.0,0.0,1,2,0,1,0,2,2,1,4.0,5.0,2.0,1.0,2.0,4.0,0.0,11.21657643,10.13694119,11.17821392
627,2,2,17.0,0,1,2,2.0,2.0,3,3,3,1,2.0,2.0,0.0,1,2,2,1,2,2,0,1,4.0,1.0,2.0,2.0,2.0,1.0,0.0,13.24457159,14.10805802,13.2421661
480,1,1,17.0,2,1,2,1.0,1.0,1,3,4,2,1.0,2.0,0.0,1,2,1,2,2,2,1,2,4.0,3.0,4.0,1.0,1.0,4.0,12.0,12.16789533,12.14818125,12.1658567
605,2,2,17.0,2,2,1,1.0,0.0,3,0,2,2,1.0,1.0,0.0,0,1,1,1,2,2,1,2,4.0,1.0,2.0,1.0,1.0,5.0,4.0,11.18339415,11.13581058,12.15129735
494,0,1,18.0,1,1,2,2.0,2.0,3,3,4,2,2.0,2.0,0.0,1,2,1,0,2,1,2,2,4.0,3.0,5.0,1.0,2.0,3.0,12.0,8.181027517,9.105074288,10.12825271
280,1,2,18.0,2,0,2,3.0,3.0,4,2,0,1,1.0,2.0,0.0,1,2,1,1,2,2,2,0,3.0,3.0,4.0,2.0,4.0,4.0,10.0,10.18000179,10.11945507,10.14130987
505,1,2,16.0,2,1,2,1.0,2.0,3,3,4,2,2.0,2.0,0.0,1,0,1,2,2,2,2,2,4.0,3.0,2.0,1.0,1.0,3.0,0.0,16.16371331,17.15567027,18.19440709
235,2,2,15.0,2,1,2,3.0,3.0,4,4,1,1,2.0,1.0,0.0,1,2,1,2,0,2,2,1,4.0,3.0,3.0,2.0,2.0,3.0,11.0,12.13943842,10.18546303,11.14909357
208,1,1,16.0,2,1,2,2.0,3.0,3,3,2,1,1.0,2.0,0.0,1,2,1,1,2,2,1,1,4.0,3.0,2.0,1.0,2.0,5.0,0.0,11.18420235,13.14681738,13.10416605
460,1,1,17.0,1,1,2,2.0,2.0,3,3,4,0,1.0,1.0,0.0,1,2,1,1,2,2,0,1,5.0,3.0,3.0,1.0,2.0,3.0,21.0,13.13570158,13.12052028,13.16984666
468,1,0,16.0,2,1,2,4.0,4.0,4,4,1,2,1.0,3.0,0.0,1,2,1,2,2,2,2,1,5.0,3.0,3.0,1.0,2.0,5.0,0.0,15.22747303,13.13357597,13.10440531
114,2,2,20.0,1,1,2,1.0,1.0,3,3,1,3,1.0,1.0,1.0,1,2,1,1,2,1,2,2,4.0,4.0,3.0,2.0,4.0,4.0,12.0,11.21657643,11.17109629,10.21417067
488,2,2,17.0,1,0,2,2.0,2.0,3,3,1,2,3.0,2.0,0.0,1,2,1,1,1,2,2,1,4.0,4.0,5.0,1.0,2.0,5.0,0.0,10.23896919,9.205890732,9.17054753
515,0,0,18.0,0,1,0,1.0,1.0,3,3,1,2,2.0,2.0,0.0,0,1,1,2,2,2,1,0,1.0,1.0,1.0,1.0,1.0,5.0,2.0,11.12265959,11.239624965,9.206796321
443,2,2,17.0,1,1,2,4.0,3.0,4,3,2,2,2.0,2.0,1.0,1,0,2,2,1,2,2,2,4.0,5.0,5.0,1.0,3.0,2.0,4.0,10.11447358,11.13747089,11.14816643
508,1,2,15.0,2,1,0,4.0,3.0,5,4,1,1,2.0,4.0,0.0,2,2,1,1,0,2,2,1,2.0,2.0,2.0,1.0,1.0,4.0,6.0,9.152714678,11.23165097,11.13339492
559,1,1,16.0,2,1,2,3.0,2.0,1,3,1,2,1.0,2.0,0.0,1,2,1,1,2,0,2,1,2.0,3.0,3.0,1.0,2.0,3.0,14.0,12.20413538,11.20738429,11.15359402
454,1,0,16.0,2,1,2,3.0,3.0,3,4,2,1,2.0,1.0,0.0,1,1,1,2,2,2,2,1,5.0,3.0,2.0,1.0,1.0,5.0,6.0,14.19320639,14.24366907,15.12943375
377,2,1,17.0,0,1,2,3.0,2.0,1,3,2,2,2.0,1.0,0.0,1,1,1,1,2,2,1,2,4.0,3.0,3.0,2.0,2.0,1.0,5.0,9.173759422,11.17519303,11.21209124
41,1,2,15.0,2,1,2,4.0,3.0,5,0,4,2,1.0,2.0,0.0,1,1,1,1,2,2,2,1,4.0,4.0,1.0,1.0,1.0,1.0,0.0,12.17944458,13.21966661,14.21921619
68,1,1,18.0,2,0,2,4.0,3.0,3,3,0,3,2.0,2.0,0.0,1,0,1,1,2,2,0,2,4.0,3.0,5.0,1.0,2.0,4.0,0.0,13.18783168,14.16744839,14.14191696
310,0,1,19.0,1,1,1,1.0,1.0,1,1,1,3,2.0,2.0,3.0,0,2,1,2,0,1,1,2,3.0,5.0,4.0,1.0,4.0,1.0,0.0,8.232213606,0.189435511,0.2132611
530,1,2,18.0,2,1,2,2.0,2.0,3,1,1,3,1.0,1.0,1.0,0,2,1,2,1,0,2,2,4.0,4.0,3.0,2.0,2.0,1.0,26.0,7.12969483,11.239624965,8.114347174
275,2,0,18.0,1,1,2,2.0,2.0,1,3,1,0,1.0,2.0,1.0,1,1,1,2,2,0,1,2,4.0,3.0,3.0,1.0,1.0,4.0,0.0,9.207505605,0.19160119,0.130073936
183,1,2,16.0,2,2,1,4.0,4.0,0,2,4,2,1.0,2.0,0.0,1,2,1,1,0,2,1,1,4.0,1.0,3.0,3.0,5.0,5.0,6.0,11.21657643,9.102316741,10.16791843
614,1,2,17.0,1,1,2,1.0,1.0,3,0,2,1,2.0,3.0,0.0,1,1,1,1,1,2,2,2,4.0,3.0,3.0,1.0,1.0,4.0,2.0,13.10721691,14.10804665,15.11329551
40,1,1,15.0,1,1,2,1.0,1.0,1,3,0,2,2.0,4.0,0.0,2,2,2,2,2,2,0,1,3.0,1.0,2.0,1.0,1.0,1.0,2.0,13.20121823,13.12032017,13.23295921
563,1,0,18.0,2,1,2,4.0,2.0,5,3,1,2,1.0,2.0,0.0,1,0,1,1,1,2,2,1,4.0,3.0,2.0,1.0,1.0,3.0,2.0,11.21657643,10.13133551,11.20060145
545,1,2,18.0,2,1,2,2.0,1.0,0,4,3,2,1.0,1.0,2.0,1,1,1,1,1,1,2,1,3.0,2.0,5.0,2.0,5.0,5.0,4.0,7.185360081,8.221113962,6.115955591
499,1,0,16.0,2,2,2,2.0,2.0,3,3,0,2,1.0,2.0,0.0,1,2,1,2,1,2,2,2,3.0,3.0,3.0,1.0,2.0,3.0,16.0,11.1686575,11.239624965,10.13459769
175,1,1,15.0,0,1,1,4.0,3.0,4,4,4,2,1.0,2.0,0.0,1,2,1,2,2,2,0,1,4.0,3.0,2.0,1.0,1.0,1.0,0.0,15.19773616,14.14306051,15.14646482
419,0,1,18.0,2,1,0,2.0,2.0,3,3,1,2,1.0,2.0,0.0,1,2,1,0,1,2,2,2,1.0,3.0,1.0,1.0,1.0,2.0,4.0,11.21657643,8.232282191,10.13435035
185,2,1,17.0,2,1,1,1.0,1.0,1,1,3,0,1.0,2.0,0.0,0,1,0,2,2,2,2,2,4.0,5.0,5.0,1.0,2.0,3.0,2.0,11.11760304,10.24924307,11.17058628
129,1,2,16.0,2,1,2,2.0,1.0,1,3,1,2,4.0,1.0,0.0,1,1,1,1,2,2,1,1,3.0,2.0,1.0,1.0,1.0,2.0,4.0,9.186055671,9.16634746,11.14349028
436,1,2,15.0,2,2,0,4.0,3.0,5,4,2,0,1.0,3.0,0.0,1,2,1,2,2,2,2,1,5.0,4.0,3.0,1.0,1.0,4.0,0.0,14.16204241,14.22028234,14.16687469
149,1,1,18.0,2,1,0,3.0,3.0,4,4,2,2,1.0,2.0,0.0,1,1,1,2,0,2,2,1,5.0,3.0,4.0,1.0,2.0,4.0,8.0,10.16526256,11.19444525,12.15504631
451,1,2,15.0,2,2,2,1.0,2.0,3,3,1,2,2.0,1.0,0.0,1,1,1,2,0,2,0,1,4.0,4.0,4.0,2.0,4.0,5.0,2.0,8.243402887,9.110419684,10.23233373
122,1,1,15.0,2,1,2,2.0,1.0,4,3,4,1,3.0,3.0,0.0,1,2,1,0,2,2,2,1,5.0,2.0,2.0,1.0,1.0,4.0,0.0,10.21818111,12.23777041,13.13221101
71,2,1,19.0,2,1,2,2.0,1.0,3,3,1,3,2.0,2.0,1.0,0,2,1,1,2,2,2,0,1.0,1.0,4.0,4.0,1.0,1.0,12.0,7.148621147,8.141642073,9.126414452
415,0,1,18.0,2,2,1,1.0,2.0,1,3,4,2,2.0,2.0,0.0,1,1,1,1,0,0,2,1,4.0,4.0,3.0,1.0,2.0,4.0,0.0,11.21657643,13.24930023,14.13185755
288,1,1,16.0,0,0,2,2.0,4.0,2,5,3,0,1.0,2.0,0.0,1,2,1,2,2,0,1,0,4.0,4.0,4.0,2.0,3.0,4.0,2.0,17.12443766,16.15994709,16.11805323
387,1,0,15.0,2,1,1,2.0,2.0,0,3,2,3,1.0,2.0,0.0,1,2,1,0,2,2,2,0,4.0,5.0,2.0,1.0,1.0,3.0,0.0,14.21115349,14.18821249,15.20399722
646,2,1,18.0,2,1,2,3.0,3.0,4,0,3,2,2.0,2.0,0.0,1,2,1,1,2,2,2,2,4.0,3.0,2.0,1.0,3.0,3.0,2.0,13.17064793,12.15259127,13.12999814
35,1,2,15.0,2,1,0,2.0,2.0,3,3,2,2,1.0,1.0,0.0,1,2,1,1,2,2,2,1,4.0,2.0,2.0,1.0,2.0,5.0,8.0,11.16484987,12.21050459,12.20969279
50,1,1,15.0,1,2,0,3.0,1.0,0,3,4,1,2.0,4.0,0.0,1,2,1,1,1,2,2,1,4.0,4.0,2.0,2.0,3.0,4.0,6.0,15.14219172,15.12603765,15.10434068
250,0,2,16.0,2,2,2,2.0,2.0,4,4,3,2,4.0,3.0,0.0,1,1,1,1,2,2,1,1,5.0,1.0,3.0,2.0,2.0,3.0,0.0,10.24552852,9.138475702,10.20145644
446,2,2,18.0,1,0,2,4.0,4.0,1,4,3,2,3.0,1.0,0.0,1,2,2,2,2,2,2,2,2.0,5.0,5.0,1.0,1.0,4.0,5.0,12.15879564,13.18230828,14.23396079
349,1,2,18.0,2,1,0,4.0,2.0,2,3,4,1,1.0,2.0,0.0,1,2,1,2,2,2,2,2,5.0,4.0,5.0,1.0,3.0,5.0,4.0,10.22760844,12.2150517,14.23969917
431,2,0,18.0,1,1,2,2.0,4.0,5,1,4,2,3.0,2.0,0.0,1,2,1,2,2,2,2,2,4.0,4.0,3.0,2.0,2.0,5.0,4.0,7.125580623,9.244219962,10.12504209
570,1,2,17.0,1,1,2,2.0,2.0,3,0,3,2,2.0,1.0,0.0,1,1,1,0,1,1,1,1,5.0,2.0,2.0,1.0,1.0,4.0,0.0,9.162600284,10.2055642,10.16264836
358,1,2,17.0,2,1,2,2.0,2.0,4,4,3,2,1.0,1.0,0.0,1,2,1,0,2,2,2,2,3.0,3.0,3.0,1.0,2.0,3.0,0.0,10.22313297,9.157509903,11.16440427
193,1,2,15.0,2,1,2,4.0,4.0,0,5,4,0,2.0,2.0,0.0,1,2,1,2,2,2,1,1,4.0,4.0,3.0,1.0,1.0,2.0,4.0,16.18281332,15.1767907,16.20937238
97,2,1,15.0,2,1,0,2.0,2.0,3,0,1,2,2.0,3.0,0.0,1,2,0,2,2,2,1,1,5.0,3.0,2.0,1.0,1.0,4.0,0.0,12.21979021,13.19249746,14.1757794
169,1,2,17.0,2,1,2,1.0,2.0,0,4,3,3,2.0,2.0,0.0,1,1,1,2,1,2,2,1,4.0,3.0,4.0,4.0,2.0,4.0,16.0,10.16872048,11.21086619,12.10748016
455,1,2,16.0,2,1,2,2.0,2.0,3,3,0,2,1.0,1.0,0.0,1,2,1,1,1,2,2,1,5.0,4.0,3.0,1.0,1.0,5.0,4.0,12.11748343,12.17930784,12.22781692
202,2,1,15.0,1,1,0,4.0,4.0,5,3,1,2,2.0,1.0,0.0,1,0,1,1,2,2,2,2,1.0,5.0,1.0,3.0,2.0,5.0,0.0,13.16914069,14.1203229,14.1074567
478,1,2,18.0,1,0,2,3.0,3.0,3,4,1,2,1.0,2.0,0.0,1,2,1,1,2,2,2,2,4.0,3.0,3.0,1.0,3.0,5.0,2.0,10.14809857,9.190138838,10.24663861
256,1,1,16.0,0,1,2,1.0,1.0,1,3,0,2,4.0,2.0,0.0,1,2,1,1,2,2,1,1,5.0,3.0,3.0,1.0,1.0,3.0,0.0,14.15600066,13.10814399,13.18363264
108,2,1,17.0,1,1,2,2.0,1.0,3,3,3,2,1.0,1.0,0.0,1,1,1,1,2,2,2,2,4.0,2.0,3.0,1.0,2.0,4.0,1.0,13.19708342,14.10195303,14.11246899
239,1,1,17.0,2,1,2,2.0,1.0,3,3,2,2,1.0,2.0,0.0,1,2,1,1,2,2,0,2,4.0,3.0,5.0,1.0,2.0,1.0,8.0,14.113127,14.14043373,15.11446423
366,1,2,15.0,2,1,1,4.0,4.0,0,4,4,2,1.0,4.0,0.0,1,2,1,2,1,2,2,2,1.0,3.0,3.0,5.0,5.0,3.0,0.0,11.21544384,12.22151617,12.18426726
212,2,1,18.0,2,1,2,3.0,3.0,4,4,0,1,1.0,2.0,0.0,0,2,1,1,2,2,1,2,5.0,3.0,4.0,1.0,1.0,5.0,0.0,10.22844262,10.11888356,10.20372772
557,0,2,17.0,1,2,1,4.0,4.0,5,3,1,2,2.0,2.0,0.0,1,2,1,1,2,2,2,1,3.0,3.0,3.0,2.0,3.0,4.0,0.0,12.23333473,12.15608378,12.14698932
500,2,0,17.0,2,1,2,2.0,2.0,3,3,1,0,1.0,1.0,1.0,1,1,1,2,2,0,1,2,1.0,2.0,1.0,2.0,3.0,5.0,0.0,7.114258747,0.14478964,0.172983712
227,1,2,18.0,2,1,2,2.0,1.0,3,3,0,2,1.0,2.0,0.0,1,1,1,0,2,2,2,1,5.0,2.0,4.0,1.0,2.0,4.0,2.0,16.18682819,16.15933203,16.19818191
132,1,2,16.0,2,1,2,3.0,2.0,1,3,4,2,1.0,3.0,0.0,1,1,1,2,2,2,2,2,4.0,3.0,3.0,1.0,3.0,2.0,0.0,12.24078734,12.21625808,12.12555728
273,1,1,15.0,2,1,2,1.0,1.0,3,3,2,1,1.0,2.0,0.0,1,2,1,2,1,2,2,1,4.0,3.0,2.0,2.0,3.0,4.0,2.0,13.16036331,12.22112179,12.18986426
498,2,1,17.0,1,1,2,2.0,4.0,5,4,3,1,2.0,2.0,0.0,0,2,2,2,2,2,2,1,4.0,3.0,3.0,1.0,2.0,5.0,2.0,12.1183718,12.2393896,12.10958184
302,2,1,19.0,1,1,2,2.0,3.0,4,0,1,2,1.0,3.0,1.0,1,0,0,2,1,0,2,1,5.0,4.0,2.0,1.0,2.0,5.0,4.0,11.21657643,11.22901984,10.1501615
153,0,2,18.0,0,1,2,2.0,4.0,5,4,2,2,2.0,1.0,0.0,1,1,1,2,0,0,2,1,3.0,2.0,4.0,1.0,4.0,3.0,6.0,11.10082163,12.19267095,12.18448009
435,2,2,16.0,2,2,0,2.0,2.0,3,4,1,1,2.0,2.0,0.0,1,2,1,1,1,2,2,2,4.0,1.0,2.0,2.0,2.0,5.0,0.0,12.22063755,13.15085838,13.17171075
509,2,2,16.0,1,1,2,1.0,2.0,3,3,1,1,2.0,2.0,0.0,1,1,1,1,0,2,1,1,4.0,3.0,3.0,1.0,1.0,5.0,0.0,10.12983618,11.239624965,11.17332567
284,1,2,16.0,1,0,2,2.0,2.0,0,3,1,2,3.0,1.0,0.0,1,1,1,1,1,2,1,1,4.0,2.0,2.0,1.0,2.0,3.0,4.0,12.13127055,10.20855624,11.10793605
575,1,0,15.0,2,1,2,2.0,1.0,3,4,1,1,1.0,2.0,0.0,1,0,0,1,2,2,2,1,4.0,4.0,2.0,1.0,2.0,5.0,0.0,12.23181736,12.13750428,12.24887344
158,1,1,17.0,2,0,0,1.0,1.0,0,1,2,2,1.0,3.0,0.0,0,2,1,1,1,2,1,1,4.0,3.0,3.0,2.0,3.0,3.0,4.0,11.1356732,12.13304872,14.14016058
608,1,1,19.0,2,1,2,0.0,1.0,1,3,1,3,1.0,2.0,2.0,1,0,1,1,1,1,1,1,3.0,4.0,2.0,1.0,1.0,4.0,0.0,9.149710374,10.17400002,11.22584181
638,1,2,17.0,0,2,2,4.0,4.0,4,3,2,2,1.0,2.0,0.0,1,0,1,1,2,0,2,2,5.0,3.0,5.0,4.0,5.0,3.0,15.0,13.24666526,12.19962294,12.18469383
346,1,2,16.0,2,2,2,2.0,2.0,3,3,4,2,2.0,2.0,0.0,1,2,1,2,2,2,2,1,5.0,4.0,4.0,2.0,4.0,5.0,2.0,11.21657643,10.15122279,10.1188106
145,2,1,19.0,0,2,0,1.0,1.0,1,0,1,2,1.0,1.0,0.0,1,2,1,1,2,1,1,0,1.0,4.0,4.0,1.0,1.0,5.0,0.0,6.113192363,8.237525735,7.158112389
161,0,2,16.0,2,2,1,3.0,2.0,4,3,2,0,1.0,2.0,0.0,0,2,2,2,2,2,2,1,5.0,3.0,3.0,1.0,1.0,5.0,2.0,11.21657643,12.21122682,13.24117399
600,2,1,16.0,1,1,2,4.0,4.0,5,5,1,2,2.0,3.0,0.0,1,1,1,2,2,0,2,2,4.0,2.0,2.0,1.0,2.0,4.0,6.0,16.18161364,16.16120115,17.12648704
19,1,1,15.0,2,1,2,2.0,4.0,5,2,4,2,1.0,2.0,0.0,0,2,0,0,2,2,2,1,3.0,3.0,3.0,1.0,2.0,2.0,2.0,14.20991748,14.16802346,14.14766124
215,0,1,17.0,2,0,2,3.0,4.0,1,4,2,2,1.0,3.0,1.0,1,2,2,1,2,2,2,0,4.0,4.0,3.0,3.0,4.0,5.0,14.0,8.235156085,11.239624965,8.154657371
573,1,1,17.0,1,1,2,4.0,4.0,0,4,4,2,1.0,3.0,0.0,1,0,1,2,2,2,2,1,4.0,3.0,4.0,1.0,2.0,5.0,2.0,7.12959101,7.171039485,8.129274257
268,1,1,18.0,2,2,2,1.0,1.0,3,3,0,2,2.0,2.0,0.0,0,2,1,1,1,2,1,1,4.0,4.0,3.0,1.0,1.0,4.0,2.0,13.18346353,13.21063443,13.14032353
322,1,1,17.0,1,1,2,2.0,1.0,1,4,4,2,2.0,2.0,0.0,1,2,1,2,2,2,2,1,4.0,2.0,5.0,1.0,2.0,5.0,0.0,11.14090564,10.22392672,11.1037278
79,1,2,17.0,2,1,0,2.0,2.0,0,3,1,1,1.0,2.0,0.0,1,1,1,1,0,1,2,1,4.0,3.0,5.0,2.0,4.0,4.0,2.0,9.228444215,10.11089915,11.22112152
585,1,2,16.0,2,1,0,4.0,4.0,5,5,1,0,1.0,2.0,0.0,1,2,1,2,2,2,2,1,5.0,4.0,4.0,1.0,2.0,5.0,6.0,16.16302516,14.22495245,14.23926699
178,0,2,15.0,2,1,2,2.0,3.0,3,4,1,1,1.0,1.0,0.0,2,2,1,2,1,2,2,2,3.0,2.0,2.0,1.0,3.0,3.0,0.0,11.21657643,11.21839134,12.19773346
110,0,2,20.0,2,1,1,2.0,2.0,4,3,1,3,1.0,2.0,2.0,1,1,1,2,2,2,1,1,5.0,3.0,3.0,1.0,1.0,5.0,0.0,11.21657643,15.22828742,15.18358849
301,1,1,15.0,2,1,2,4.0,4.0,0,4,4,1,2.0,2.0,0.0,1,1,1,1,2,2,2,2,4.0,4.0,4.0,2.0,3.0,5.0,4.0,12.10998315,11.11726402,12.17829312
128,1,1,15.0,2,1,0,1.0,2.0,1,3,1,2,1.0,2.0,0.0,1,2,1,1,1,2,2,0,4.0,3.0,2.0,1.0,1.0,5.0,6.0,11.21657643,12.20142643,13.22301443
94,1,2,18.0,2,1,2,4.0,2.0,0,4,0,1,1.0,2.0,0.0,1,2,0,2,2,2,2,1,4.0,3.0,3.0,2.0,2.0,2.0,0.0,12.18286981,12.15170515,13.21443984
39,0,2,16.0,2,1,2,4.0,4.0,4,5,3,1,1.0,3.0,0.0,1,2,1,2,0,2,2,2,4.0,4.0,3.0,1.0,1.0,4.0,0.0,16.18105271,11.239624965,16.16665903
412,2,2,17.0,2,2,2,1.0,2.0,1,4,2,2,2.0,1.0,0.0,1,2,1,0,1,2,1,1,4.0,1.0,3.0,5.0,5.0,1.0,8.0,10.23773165,11.12621473,11.21811956
320,2,1,16.0,2,2,2,1.0,1.0,0,3,3,2,3.0,2.0,0.0,1,2,1,1,2,2,2,1,4.0,3.0,2.0,1.0,3.0,4.0,6.0,6.235977583,8.114809677,8.165912966
584,1,0,17.0,2,2,2,4.0,3.0,5,4,1,2,3.0,2.0,0.0,1,2,1,2,2,2,2,0,5.0,4.0,3.0,1.0,2.0,1.0,2.0,16.14521692,15.15156896,16.21215753
297,1,2,17.0,2,2,2,4.0,4.0,5,3,4,2,1.0,2.0,0.0,1,2,1,2,2,2,2,1,4.0,4.0,4.0,1.0,2.0,5.0,0.0,11.10637692,9.10184474,10.21378372
445,2,1,17.0,1,1,0,2.0,3.0,3,4,1,2,3.0,2.0,0.0,1,2,1,1,2,2,2,1,4.0,5.0,3.0,1.0,2.0,1.0,2.0,15.15902791,15.13938736,15.18244507
240,1,2,17.0,0,2,1,3.0,2.0,3,3,0,2,1.0,2.0,0.0,1,2,1,1,2,2,2,1,4.0,3.0,4.0,1.0,2.0,5.0,10.0,16.19874334,18.16150939,18.22351023
347,1,1,17.0,1,1,0,3.0,2.0,3,0,2,2,1.0,2.0,0.0,1,2,1,1,2,2,2,1,4.0,3.0,3.0,2.0,3.0,2.0,0.0,11.21657643,14.1005729,16.15881458
103,2,0,17.0,1,1,0,4.0,2.0,3,3,1,2,2.0,2.0,0.0,2,2,1,1,1,2,2,0,4.0,3.0,3.0,2.0,3.0,4.0,0.0,17.23728654,11.239624965,18.18753079
156,2,1,16.0,2,2,1,2.0,2.0,3,0,2,2,1.0,2.0,0.0,0,2,1,0,2,1,1,1,4.0,3.0,4.0,1.0,2.0,1.0,6.0,7.117327074,7.10502099,8.210174684
24,1,1,17.0,1,1,2,4.0,2.0,0,0,1,0,1.0,3.0,0.0,1,2,1,2,2,2,2,1,4.0,3.0,4.0,1.0,3.0,5.0,2.0,11.13876228,12.19192555,14.14904447
464,2,1,16.0,1,1,2,2.0,2.0,3,3,1,1,3.0,2.0,0.0,0,2,1,1,2,1,2,1,4.0,4.0,5.0,1.0,2.0,1.0,2.0,9.176275314,10.1608433,11.15516613
589,2,1,17.0,1,1,2,2.0,2.0,3,3,3,2,2.0,2.0,0.0,2,1,0,0,2,2,1,1,5.0,1.0,3.0,1.0,1.0,5.0,0.0,11.11340367,9.15070245,11.22964307
37,0,1,17.0,2,0,1,4.0,2.0,5,0,1,0,1.0,2.0,0.0,1,2,1,2,2,2,1,1,4.0,3.0,2.0,1.0,1.0,4.0,4.0,15.16381459,14.13889835,14.12807174
576,1,1,17.0,1,1,2,2.0,4.0,4,0,1,2,1.0,3.0,0.0,2,2,1,0,2,2,2,1,4.0,3.0,2.0,1.0,1.0,5.0,2.0,10.13501881,11.21089331,10.10113406
640,1,0,15.0,2,0,2,3.0,4.0,3,3,2,2,1.0,2.0,0.0,1,2,0,2,2,0,0,1,5.0,5.0,1.0,1.0,1.0,5.0,0.0,11.21657643,12.15478673,13.20906741
254,2,1,18.0,2,1,0,1.0,2.0,3,3,1,1,1.0,2.0,1.0,1,2,1,2,2,2,0,2,3.0,3.0,4.0,2.0,3.0,5.0,2.0,9.236320671,8.226977234,8.125941066
367,1,1,17.0,0,1,2,4.0,4.0,0,0,4,2,1.0,3.0,0.0,1,2,1,2,2,2,2,1,3.0,2.0,3.0,1.0,2.0,2.0,10.0,13.17052182,13.15015545,14.14578555
65,1,2,17.0,0,1,2,3.0,4.0,1,3,1,2,3.0,2.0,0.0,1,1,1,1,2,2,1,1,5.0,4.0,5.0,2.0,4.0,5.0,2.0,10.17593253,9.214512542,10.23977058
115,1,2,15.0,2,1,2,4.0,4.0,4,0,4,2,2.0,2.0,0.0,1,2,1,2,0,2,2,1,4.0,3.0,1.0,1.0,1.0,5.0,2.0,11.21657643,15.16641159,15.12913276
390,1,1,18.0,2,1,2,1.0,1.0,0,3,2,2,1.0,2.0,0.0,2,1,1,2,2,2,2,1,5.0,4.0,3.0,1.0,1.0,4.0,0.0,11.21657643,13.13470951,13.12341426
495,2,2,17.0,2,1,2,2.0,3.0,4,4,0,2,1.0,1.0,0.0,1,2,1,2,2,0,2,1,4.0,1.0,4.0,5.0,5.0,3.0,8.0,7.20557799,10.1618083,9.170395501
635,1,2,17.0,2,2,2,3.0,4.0,4,3,2,2,1.0,2.0,0.0,1,1,1,2,0,2,2,2,4.0,3.0,3.0,1.0,3.0,4.0,6.0,16.20359462,16.21022692,17.2424042
541,1,2,18.0,1,1,2,3.0,2.0,3,3,1,2,1.0,3.0,0.0,1,1,1,2,1,0,1,1,5.0,3.0,2.0,1.0,1.0,3.0,2.0,10.10880993,11.16974229,12.23920229
291,2,0,16.0,1,2,2,1.0,2.0,3,3,4,2,1.0,1.0,0.0,1,1,1,2,2,2,0,0,5.0,4.0,5.0,1.0,4.0,2.0,0.0,14.23674669,14.19543412,15.16814499
620,1,1,19.0,2,2,1,2.0,3.0,1,3,0,3,2.0,1.0,1.0,1,1,1,1,2,1,2,1,2.0,2.0,3.0,3.0,4.0,5.0,2.0,10.14843325,11.10474374,11.15494931
567,0,1,18.0,2,0,2,4.0,2.0,5,3,1,2,1.0,2.0,0.0,1,2,1,0,2,2,2,1,4.0,3.0,2.0,1.0,1.0,3.0,0.0,14.24411981,17.13083924,17.20097807
82,1,2,16.0,2,1,2,4.0,4.0,2,3,1,2,1.0,1.0,0.0,1,2,1,2,2,2,2,1,3.0,4.0,4.0,1.0,4.0,5.0,4.0,12.1393053,13.22441191,13.22410523
521,2,1,17.0,1,1,2,3.0,2.0,0,3,0,1,1.0,2.0,1.0,1,1,1,0,2,2,1,2,4.0,5.0,4.0,1.0,2.0,5.0,0.0,10.24779413,10.1297738,10.16942729
196,0,0,17.0,1,1,2,2.0,2.0,3,3,4,2,2.0,2.0,0.0,1,2,0,2,2,2,1,0,5.0,3.0,2.0,1.0,1.0,1.0,0.0,15.10469493,17.15274183,17.17448088
53,1,1,17.0,1,1,2,4.0,3.0,5,3,4,2,2.0,3.0,0.0,1,2,1,0,2,2,2,2,4.0,4.0,2.0,1.0,1.0,4.0,0.0,11.24362118,12.2123677,12.11255304
174,2,0,17.0,0,1,2,1.0,1.0,3,3,0,2,1.0,2.0,0.0,1,1,2,0,1,2,2,1,4.0,4.0,3.0,2.0,4.0,5.0,4.0,8.103792135,9.138322118,9.19945468
626,1,2,15.0,2,1,2,2.0,2.0,4,4,2,1,1.0,4.0,0.0,1,2,1,2,2,2,0,1,5.0,5.0,4.0,1.0,2.0,5.0,6.0,14.13366795,13.19899443,13.10248898
642,2,2,18.0,2,2,2,1.0,1.0,1,0,1,2,2.0,2.0,0.0,1,2,1,2,2,2,1,1,4.0,3.0,3.0,1.0,4.0,5.0,2.0,10.10628654,9.177838455,10.16502086
448,1,2,16.0,2,2,2,4.0,2.0,5,0,1,0,1.0,2.0,0.0,1,1,1,2,2,2,2,1,4.0,5.0,1.0,1.0,3.0,5.0,0.0,12.14154627,13.16880309,14.15740094
304,1,2,16.0,1,1,2,4.0,2.0,5,4,3,2,1.0,1.0,0.0,1,2,1,2,2,2,2,2,4.0,3.0,3.0,3.0,2.0,3.0,8.0,10.19336783,9.156551414,11.10656526
437,1,2,17.0,0,2,2,4.0,4.0,3,3,4,1,1.0,1.0,0.0,1,2,1,1,2,2,0,1,4.0,2.0,5.0,3.0,4.0,5.0,2.0,11.21657643,11.239624965,11.17182837
339,2,0,17.0,2,1,1,2.0,0.0,3,3,3,2,2.0,2.0,0.0,1,1,1,1,2,2,2,2,4.0,3.0,5.0,1.0,1.0,4.0,1.0,11.24305745,11.239624965,10.17398599
241,2,2,15.0,2,2,0,2.0,1.0,4,4,0,2,1.0,1.0,0.0,1,1,1,2,2,2,2,1,4.0,3.0,3.0,1.0,2.0,5.0,11.0,12.10142122,13.12441905,12.10513723
553,2,2,17.0,0,1,2,1.0,1.0,3,4,3,0,1.0,1.0,0.0,0,1,1,1,0,1,1,1,4.0,2.0,3.0,3.0,4.0,4.0,4.0,11.21657643,13.2228798,14.12508201
190,2,2,18.0,1,0,2,2.0,2.0,4,3,1,2,3.0,1.0,0.0,1,1,1,1,1,2,2,1,4.0,4.0,1.0,3.0,4.0,5.0,4.0,10.13126281,11.23406918,11.20854977
629,2,2,15.0,2,2,1,2.0,2.0,3,3,4,2,3.0,4.0,0.0,1,2,1,2,2,2,1,1,5.0,4.0,5.0,2.0,3.0,5.0,8.0,13.23692496,14.20425828,14.17667735
127,1,0,17.0,2,2,2,2.0,2.0,4,3,1,2,1.0,2.0,0.0,2,2,1,1,2,0,2,0,4.0,4.0,3.0,2.0,3.0,5.0,6.0,12.23041729,12.18229539,12.18771679
113,2,1,17.0,1,1,2,1.0,1.0,3,3,3,1,1.0,1.0,0.0,1,0,1,0,1,1,2,1,5.0,4.0,3.0,1.0,2.0,5.0,0.0,6.165456291,6.246864159,7.170201684
267,1,1,17.0,2,1,2,1.0,1.0,3,3,1,2,1.0,2.0,0.0,1,2,1,1,1,0,1,0,4.0,4.0,4.0,1.0,3.0,1.0,0.0,14.19782825,15.11912015,15.19950061
467,1,2,17.0,2,1,2,2.0,3.0,3,4,4,2,1.0,1.0,0.0,1,1,1,2,1,2,2,1,4.0,3.0,5.0,3.0,5.0,5.0,0.0,17.15346668,18.21732609,17.22710135
362,1,1,17.0,2,0,1,2.0,2.0,3,3,2,2,1.0,1.0,0.0,1,0,1,1,1,1,0,0,3.0,1.0,3.0,1.0,2.0,1.0,8.0,11.12803629,11.239624965,10.11532265
93,1,1,16.0,0,1,2,2.0,2.0,4,0,2,2,1.0,1.0,0.0,1,2,1,1,1,0,0,0,1.0,2.0,2.0,1.0,3.0,4.0,6.0,10.20158831,11.17735002,12.18665529
272,2,1,16.0,2,2,2,4.0,2.0,3,3,2,2,2.0,2.0,0.0,1,2,1,2,2,2,2,1,1.0,2.0,4.0,2.0,2.0,1.0,8.0,9.158316706,10.12641344,10.10001741
429,2,1,17.0,1,2,1,2.0,2.0,3,3,1,3,2.0,3.0,2.0,1,2,1,1,1,1,1,2,3.0,3.0,2.0,1.0,1.0,2.0,6.0,7.235570666,11.239624965,10.20622801
119,2,2,16.0,0,1,2,2.0,1.0,0,4,4,2,2.0,2.0,0.0,1,1,1,2,2,2,2,1,5.0,2.0,1.0,1.0,1.0,2.0,0.0,8.198472058,7.128610018,0.165424697
621,1,2,18.0,2,2,2,3.0,1.0,0,4,1,2,2.0,1.0,0.0,1,1,0,2,2,2,2,2,3.0,3.0,4.0,4.0,5.0,4.0,2.0,11.16474839,11.12588015,12.1123414
198,1,2,18.0,1,2,1,2.0,4.0,3,3,4,0,2.0,2.0,0.0,1,2,1,2,2,2,2,1,4.0,2.0,5.0,3.0,4.0,1.0,2.0,15.20639967,16.10802565,16.1370159
177,1,1,16.0,2,1,2,2.0,2.0,3,3,2,2,1.0,2.0,0.0,1,0,1,1,1,2,2,1,5.0,1.0,5.0,1.0,1.0,4.0,0.0,12.24000409,12.24513254,13.24159255
405,1,1,17.0,2,2,2,3.0,1.0,0,3,2,0,1.0,2.0,0.0,2,2,1,0,2,2,1,1,3.0,3.0,3.0,2.0,3.0,2.0,0.0,12.20782468,13.2080502,12.15298213
142,1,1,16.0,2,2,2,2.0,2.0,3,1,1,1,2.0,2.0,1.0,2,0,1,2,0,2,2,1,4.0,3.0,3.0,2.0,2.0,5.0,2.0,10.12863763,11.22698482,11.12928864
407,2,2,16.0,2,2,2,2.0,1.0,0,0,1,0,2.0,1.0,0.0,1,2,1,2,2,0,2,1,2.0,4.0,3.0,1.0,3.0,4.0,4.0,10.19447848,8.14568199,10.20697501
556,2,1,17.0,2,1,2,2.0,1.0,0,1,1,2,1.0,1.0,0.0,1,2,1,2,2,2,1,1,4.0,3.0,2.0,1.0,2.0,5.0,9.0,7.13508675,9.219557009,10.24131876
75,1,0,17.0,2,0,2,2.0,3.0,1,3,0,1,2.0,1.0,0.0,1,2,1,1,2,2,0,1,3.0,3.0,3.0,1.0,4.0,3.0,4.0,12.16538003,13.13353166,13.24356804
90,2,2,16.0,1,2,2,4.0,1.0,3,1,3,1,1.0,1.0,0.0,1,1,1,1,0,2,2,0,4.0,1.0,2.0,1.0,1.0,2.0,0.0,10.23253709,11.12329348,11.13892866
121,1,1,17.0,0,0,2,2.0,3.0,3,4,4,1,1.0,4.0,0.0,1,2,1,2,2,2,2,2,4.0,5.0,3.0,1.0,3.0,2.0,10.0,16.22129189,16.18386025,16.16758297
551,1,0,16.0,2,1,1,3.0,3.0,3,3,1,3,2.0,2.0,0.0,1,2,1,2,1,2,2,2,4.0,3.0,2.0,1.0,1.0,5.0,4.0,9.229050604,9.195236601,10.19226046
258,2,1,18.0,1,1,2,2.0,2.0,3,3,3,0,2.0,1.0,1.0,1,0,1,0,2,1,2,2,5.0,5.0,5.0,1.0,1.0,3.0,0.0,8.164851669,6.112954326,0.185463822
536,2,2,17.0,2,1,2,2.0,2.0,3,3,0,1,1.0,1.0,1.0,1,2,1,0,0,1,2,2,5.0,3.0,5.0,5.0,5.0,1.0,12.0,6.162390742,7.141433506,7.203739303
167,1,1,17.0,1,1,2,2.0,1.0,1,0,1,2,3.0,2.0,0.0,0,1,1,2,2,2,1,0,2.0,1.0,1.0,1.0,1.0,3.0,2.0,13.13441972,11.239624965,13.2346618
336,1,2,16.0,1,1,2,4.0,3.0,4,3,4,2,2.0,1.0,0.0,2,0,2,2,1,2,2,1,3.0,3.0,3.0,1.0,1.0,4.0,6.0,9.12838606,11.20993511,11.18293681
259,1,2,16.0,2,1,0,4.0,3.0,5,3,2,2,1.0,2.0,0.0,1,2,2,2,2,0,0,1,3.0,4.0,3.0,1.0,3.0,3.0,4.0,11.18155806,11.239624965,11.16634485
565,1,2,17.0,2,2,2,2.0,2.0,4,2,4,2,1.0,4.0,0.0,1,2,1,2,2,2,2,1,4.0,3.0,4.0,1.0,1.0,4.0,2.0,11.13981435,12.17382619,12.13164264
106,1,1,17.0,2,1,0,1.0,1.0,4,5,4,2,1.0,3.0,0.0,1,2,1,1,2,2,2,1,4.0,3.0,3.0,1.0,2.0,3.0,2.0,13.23372847,13.13140158,14.21536572
396,1,1,18.0,2,2,1,2.0,4.0,4,3,1,2,2.0,2.0,1.0,1,2,1,1,2,2,2,1,4.0,3.0,3.0,1.0,1.0,3.0,18.0,10.24300721,10.19272932,10.19326301
88,1,1,17.0,2,1,2,4.0,3.0,3,1,1,2,1.0,3.0,0.0,0,2,1,1,0,2,2,1,5.0,3.0,3.0,1.0,1.0,3.0,2.0,12.19086756,13.15258572,13.2131494
352,0,1,15.0,2,1,2,2.0,2.0,1,4,1,2,1.0,2.0,0.0,1,1,0,1,1,2,2,1,3.0,2.0,3.0,1.0,2.0,1.0,0.0,14.16702999,11.239624965,14.14916466
225,1,2,17.0,2,0,2,3.0,2.0,4,4,1,2,2.0,1.0,3.0,1,2,1,2,1,1,1,1,4.0,5.0,2.0,1.0,1.0,2.0,10.0,8.105635097,7.18857023,8.161374169
184,1,0,16.0,2,1,0,4.0,4.0,2,3,2,2,1.0,1.0,0.0,1,0,1,1,2,2,2,1,4.0,4.0,4.0,1.0,2.0,2.0,6.0,17.14927413,17.13019395,17.10012922
9,1,1,18.0,0,1,0,2.0,4.0,3,5,2,2,1.0,2.0,0.0,2,2,1,1,1,2,1,2,3.0,4.0,4.0,1.0,2.0,5.0,2.0,10.15700386,11.239624965,11.24410248
278,1,2,15.0,2,2,2,4.0,4.0,2,4,1,1,1.0,1.0,0.0,1,2,1,2,2,2,2,1,4.0,3.0,3.0,1.0,2.0,5.0,0.0,12.11145645,11.239624965,12.12189082
561,1,2,17.0,1,2,2,1.0,1.0,3,4,0,2,4.0,2.0,0.0,1,1,1,2,2,1,1,2,5.0,3.0,5.0,1.0,5.0,5.0,0.0,8.110703618,8.189303804,8.105110281
404,0,2,18.0,0,2,2,2.0,2.0,0,3,1,2,1.0,4.0,0.0,0,2,2,2,2,2,2,1,4.0,5.0,5.0,2.0,4.0,4.0,2.0,11.14576683,11.239624965,12.18506498
439,1,2,17.0,2,2,1,4.0,4.0,2,0,4,2,1.0,3.0,0.0,1,2,1,0,2,2,2,1,4.0,4.0,2.0,1.0,2.0,4.0,2.0,12.17902053,15.11900541,15.13166269
602,2,1,16.0,1,1,2,0.0,2.0,3,3,3,0,2.0,1.0,0.0,1,2,0,2,2,2,0,1,3.0,2.0,3.0,1.0,2.0,2.0,0.0,12.18224025,11.22930604,12.23227093
619,1,2,17.0,2,0,2,1.0,2.0,1,4,1,1,1.0,1.0,1.0,0,1,1,1,0,1,2,1,5.0,3.0,3.0,1.0,2.0,2.0,2.0,11.21657643,8.1742546,8.229643311
203,1,2,17.0,2,1,2,4.0,2.0,2,3,1,2,2.0,2.0,0.0,1,2,1,2,2,2,2,0,4.0,4.0,4.0,1.0,1.0,1.0,9.0,11.14568934,10.178071,10.20346238
54,1,0,18.0,2,1,2,2.0,2.0,3,4,4,1,1.0,2.0,0.0,1,1,1,1,2,1,2,1,5.0,5.0,4.0,3.0,5.0,2.0,16.0,8.230069046,7.193162918,8.180130795
